Subject,order,Image,SportType,VideoCondition,RTs,Questionnaire,SportExperienceTest1,SportExperienceTest2,ratings
1,1,5,5,2,2644,21,0,0,7
1,2,2,2,2,1606,21,0,0,4
1,3,10,10,2,1512,21,0,0,6
1,4,1,1,2,2217,21,0,0,8
1,5,3,3,2,1988,21,0,0,2
1,6,9,9,2,2876,21,0,0,9
1,7,8,8,2,1085,21,0,0,6
1,8,7,7,2,1415,21,0,0,9
1,9,6,6,2,1655,21,0,0,7
1,10,4,4,2,1818,21,0,0,5
1,11,5,5,2,3023,21,0,0,7
1,12,2,2,2,1877,21,0,0,4
1,13,10,10,2,2230,21,0,0,6
1,14,1,1,2,3800,21,0,0,9
1,15,3,3,2,2072,21,0,0,5
1,16,9,9,2,2719,21,0,0,10
1,17,8,8,2,1933,21,0,0,6
1,18,7,7,2,2075,21,0,0,8
1,19,6,6,2,2002,21,0,0,8
1,20,4,4,2,1378,21,0,0,4
2,1,2,2,2,3919,12,0,0,4
2,2,1,1,2,2873,12,0,0,6
2,3,9,9,2,2215,12,0,0,5
2,4,8,8,2,2121,12,0,0,3
2,5,7,7,2,2025,12,0,0,4
2,6,10,10,2,2640,12,0,0,6
2,7,3,3,2,2733,12,0,0,3
2,8,5,5,2,1925,12,0,0,5
2,9,4,4,2,2406,12,0,0,6
2,10,6,6,2,1841,12,0,0,6
2,11,2,2,2,1886,12,0,0,2
2,12,1,1,2,1793,12,0,0,5
2,13,9,9,2,1745,12,0,0,5
2,14,8,8,2,1606,12,0,0,4
2,15,7,7,2,2831,12,0,0,3
2,16,10,10,2,2074,12,0,0,6
2,17,3,3,2,2214,12,0,0,4
2,18,5,5,2,1182,12,0,0,6
2,19,4,4,2,2732,12,0,0,6
2,20,6,6,2,1836,12,0,0,6
3,1,1,1,2,1665,24,1,1,8
3,2,4,4,2,1989,24,1,1,6
3,3,6,6,2,1675,24,1,1,5
3,4,9,9,2,1717,24,1,1,4
3,5,10,10,2,1699,24,1,1,2
3,6,7,7,2,2905,24,1,1,10
3,7,3,3,2,3402,24,1,1,5
3,8,5,5,2,1671,24,1,1,6
3,9,8,8,2,2229,24,1,1,3
3,10,2,2,2,2041,24,1,1,4
3,11,1,1,2,1910,24,1,1,6
3,12,4,4,2,2576,24,1,1,6
3,13,6,6,2,2183,24,1,1,7
3,14,9,9,2,2702,24,1,1,5
3,15,10,10,2,2052,24,1,1,4
3,16,7,7,2,2750,24,1,1,9
3,17,3,3,2,2332,24,1,1,4
3,18,5,5,2,1848,24,1,1,6
3,19,8,8,2,2284,24,1,1,5
3,20,2,2,2,2317,24,1,1,4
4,1,10,10,2,3028,29,1,1,9
4,2,1,1,2,2178,29,1,1,7
4,3,8,8,2,2742,29,1,1,8
4,4,3,3,2,2466,29,1,1,5
4,5,6,6,2,1850,29,1,1,10
4,6,2,2,2,1513,29,1,1,6
4,7,5,5,2,1947,29,1,1,7
4,8,4,4,2,3543,29,1,1,1
4,9,9,9,2,1755,29,1,1,8
4,10,7,7,2,1330,29,1,1,2
4,11,10,10,2,1713,29,1,1,9
4,12,1,1,2,2238,29,1,1,8
4,13,8,8,2,2391,29,1,1,9
4,14,3,3,2,1333,29,1,1,2
4,15,6,6,2,1568,29,1,1,10
4,16,2,2,2,1330,29,1,1,3
4,17,5,5,2,1656,29,1,1,6
4,18,4,4,2,1575,29,1,1,3
4,19,9,9,2,1521,29,1,1,9
4,20,7,7,2,1967,29,1,1,3
5,1,1,1,2,2462,22,0,0,10
5,2,3,3,2,1844,22,0,0,6
5,3,2,2,2,2267,22,0,0,1
5,4,9,9,2,1182,22,0,0,8
5,5,10,10,2,2263,22,0,0,7
5,6,7,7,2,2075,22,0,0,7
5,7,5,5,2,4008,22,0,0,6
5,8,8,8,2,3490,22,0,0,6
5,9,6,6,2,1985,22,0,0,6
5,10,4,4,2,2594,22,0,0,4
5,11,1,1,2,2218,22,0,0,9
5,12,3,3,2,1368,22,0,0,5
5,13,2,2,2,4237,22,0,0,2
5,14,9,9,2,4066,22,0,0,8
5,15,10,10,2,3440,22,0,0,5
5,16,7,7,2,1984,22,0,0,6
5,17,5,5,2,3301,22,0,0,5
5,18,8,8,2,2600,22,0,0,7
5,19,6,6,2,1985,22,0,0,4
5,20,4,4,2,3348,22,0,0,3
6,1,9,9,2,2085,29,1,1,7
6,2,8,8,2,2057,29,1,1,7
6,3,10,10,2,1591,29,1,1,8
6,4,3,3,2,2031,29,1,1,8
6,5,5,5,2,2403,29,1,1,8
6,6,6,6,2,3780,29,1,1,10
6,7,1,1,2,1797,29,1,1,6
6,8,7,7,2,2079,29,1,1,8
6,9,4,4,2,2327,29,1,1,6
6,10,2,2,2,3073,29,1,1,10
6,11,9,9,2,2694,29,1,1,8
6,12,8,8,2,2258,29,1,1,8
6,13,10,10,2,5799,29,1,1,9
6,14,3,3,2,1888,29,1,1,6
6,15,5,5,2,3491,29,1,1,8
6,16,6,6,2,3776,29,1,1,9
6,17,1,1,2,2829,29,1,1,7
6,18,7,7,2,2876,29,1,1,8
6,19,4,4,2,2881,29,1,1,9
6,20,2,2,2,4858,29,1,1,10
7,1,2,2,2,2316,22,0,0,5
7,2,6,6,2,2844,22,0,0,7
7,3,7,7,2,2217,22,0,0,8
7,4,5,5,2,2495,22,0,0,8
7,5,10,10,2,3510,22,0,0,4
7,6,1,1,2,1688,22,0,0,7
7,7,3,3,2,3032,22,0,0,5
7,8,8,8,2,1611,22,0,0,5
7,9,4,4,2,2220,22,0,0,8
7,10,9,9,2,3754,22,0,0,5
7,11,2,2,2,2164,22,0,0,5
7,12,6,6,2,3087,22,0,0,5
7,13,7,7,2,3078,22,0,0,7
7,14,5,5,2,2502,22,0,0,7
7,15,10,10,2,1926,22,0,0,6
7,16,1,1,2,1884,22,0,0,8
7,17,3,3,2,1407,22,0,0,5
7,18,8,8,2,1654,22,0,0,5
7,19,4,4,2,2263,22,0,0,7
7,20,9,9,2,2022,22,0,0,6
8,1,8,8,2,2337,27,1,1,2
8,2,2,2,2,1557,27,1,1,9
8,3,10,10,2,1508,27,1,1,8
8,4,3,3,2,1977,27,1,1,2
8,5,6,6,2,1370,27,1,1,6
8,6,5,5,2,2497,27,1,1,2
8,7,9,9,2,1510,27,1,1,8
8,8,7,7,2,1841,27,1,1,10
8,9,4,4,2,2307,27,1,1,5
8,10,1,1,2,1273,27,1,1,7
8,11,8,8,2,1652,27,1,1,4
8,12,2,2,2,2402,27,1,1,9
8,13,10,10,2,1745,27,1,1,8
8,14,3,3,2,2449,27,1,1,2
8,15,6,6,2,2964,27,1,1,6
8,16,5,5,2,2004,27,1,1,2
8,17,9,9,2,902,27,1,1,8
8,18,7,7,2,1789,27,1,1,10
8,19,4,4,2,1841,27,1,1,2
8,20,1,1,2,1697,27,1,1,8
9,1,6,6,2,1285,23,0,1,5
9,2,2,2,2,1422,23,0,1,8
9,3,10,10,2,2026,23,0,1,6
9,4,4,4,2,2261,23,0,1,6
9,5,3,3,2,2076,23,0,1,7
9,6,5,5,2,1703,23,0,1,7
9,7,9,9,2,1037,23,0,1,5
9,8,7,7,2,1276,23,0,1,8
9,9,8,8,2,1279,23,0,1,5
9,10,1,1,2,2215,23,0,1,6
9,11,6,6,2,961,23,0,1,4
9,12,2,2,2,1133,23,0,1,7
9,13,10,10,2,1606,23,0,1,6
9,14,4,4,2,1512,23,0,1,5
9,15,3,3,2,2030,23,0,1,7
9,16,5,5,2,1468,23,0,1,7
9,17,9,9,2,1275,23,0,1,5
9,18,7,7,2,2692,23,0,1,7
9,19,8,8,2,1705,23,0,1,6
9,20,1,1,2,996,23,0,1,6
10,1,8,8,2,2218,24,1,1,6
10,2,2,2,2,960,24,1,1,4
10,3,6,6,2,1489,24,1,1,7
10,4,1,1,2,864,24,1,1,6
10,5,3,3,2,3458,24,1,1,2
10,6,9,9,2,2308,24,1,1,6
10,7,10,10,2,1488,24,1,1,4
10,8,7,7,2,1490,24,1,1,4
10,9,4,4,2,723,24,1,1,5
10,10,5,5,2,2980,24,1,1,6
10,11,8,8,2,4707,24,1,1,6
10,12,2,2,2,4515,24,1,1,3
10,13,6,6,2,3169,24,1,1,5
10,14,1,1,2,2400,24,1,1,6
10,15,3,3,2,1873,24,1,1,2
10,16,9,9,2,4272,24,1,1,7
10,17,10,10,2,2018,24,1,1,3
10,18,7,7,2,1824,24,1,1,4
10,19,4,4,2,1729,24,1,1,5
10,20,5,5,2,2785,24,1,1,6
11,1,4,4,2,1782,30,1,1,6
11,2,9,9,2,3216,30,1,1,9
11,3,3,3,2,2636,30,1,1,5
11,4,8,8,2,2006,30,1,1,6
11,5,7,7,2,2085,30,1,1,9
11,6,1,1,2,3361,30,1,1,10
11,7,5,5,2,3543,30,1,1,9
11,8,2,2,2,2724,30,1,1,9
11,9,10,10,2,2851,30,1,1,2
11,10,6,6,2,2491,30,1,1,7
11,11,4,4,2,2083,30,1,1,6
11,12,9,9,2,2363,30,1,1,8
11,13,3,3,2,2120,30,1,1,5
11,14,8,8,2,2029,30,1,1,6
11,15,7,7,2,2591,30,1,1,9
11,16,1,1,2,2357,30,1,1,10
11,17,5,5,2,2405,30,1,1,9
11,18,2,2,2,1837,30,1,1,9
11,19,10,10,2,1789,30,1,1,2
11,20,6,6,2,1983,30,1,1,7
12,1,8,8,2,5198,21,0,0,8
12,2,1,1,2,3122,21,0,0,7
12,3,2,2,2,1872,21,0,0,3
12,4,5,5,2,3047,21,0,0,4
12,5,10,10,2,2783,21,0,0,7
12,6,4,4,2,1728,21,0,0,4
12,7,7,7,2,1852,21,0,0,2
12,8,9,9,2,2054,21,0,0,4
12,9,6,6,2,1487,21,0,0,5
12,10,3,3,2,1626,21,0,0,4
12,11,8,8,2,2009,21,0,0,7
12,12,1,1,2,3250,21,0,0,5
12,13,2,2,2,2938,21,0,0,2
12,14,5,5,2,1525,21,0,0,5
12,15,10,10,2,3133,21,0,0,7
12,16,4,4,2,1518,21,0,0,4
12,17,7,7,2,2608,21,0,0,2
12,18,9,9,2,2051,21,0,0,5
12,19,6,6,2,1804,21,0,0,5
12,20,3,3,2,1427,21,0,0,4
13,1,9,9,2,4913,22,0,0,5
13,2,3,3,2,3549,22,0,0,4
13,3,7,7,2,4131,22,0,0,3
13,4,4,4,2,4851,22,0,0,8
13,5,5,5,2,3121,22,0,0,5
13,6,6,6,2,2941,22,0,0,0
13,7,2,2,2,3413,22,0,0,4
13,8,10,10,2,5100,22,0,0,8
13,9,8,8,2,2242,22,0,0,7
13,10,1,1,2,3892,22,0,0,9
13,11,9,9,2,2792,22,0,0,6
13,12,3,3,2,3360,22,0,0,3
13,13,7,7,2,4431,22,0,0,4
13,14,4,4,2,2647,22,0,0,9
13,15,5,5,2,1991,22,0,0,5
13,16,6,6,2,3627,22,0,0,2
13,17,2,2,2,3078,22,0,0,2
13,18,10,10,2,3822,22,0,0,7
13,19,8,8,2,3284,22,0,0,7
13,20,1,1,2,6446,22,0,0,8
14,1,6,6,2,3270,33,1,1,9
14,2,9,9,2,1728,33,1,1,7
14,3,7,7,2,1680,33,1,1,10
14,4,3,3,2,1440,33,1,1,9
14,5,4,4,2,1632,33,1,1,6
14,6,1,1,2,2160,33,1,1,8
14,7,8,8,2,3844,33,1,1,7
14,8,2,2,2,1298,33,1,1,8
14,9,10,10,2,3072,33,1,1,9
14,10,5,5,2,1968,33,1,1,9
14,11,6,6,2,1152,33,1,1,8
14,12,9,9,2,1152,33,1,1,7
14,13,7,7,2,1872,33,1,1,10
14,14,3,3,2,1391,33,1,1,9
14,15,4,4,2,2208,33,1,1,7
14,16,1,1,2,3359,33,1,1,8
14,17,8,8,2,1584,33,1,1,7
14,18,2,2,2,1920,33,1,1,8
14,19,10,10,2,2785,33,1,1,8
14,20,5,5,2,1967,33,1,1,9
15,1,6,6,2,3030,22,0,0,6
15,2,8,8,2,1632,22,0,0,5
15,3,7,7,2,2402,22,0,0,0
15,4,5,5,2,2065,22,0,0,3
15,5,1,1,2,1585,22,0,0,6
15,6,9,9,2,1968,22,0,0,6
15,7,4,4,2,1058,22,0,0,6
15,8,3,3,2,1776,22,0,0,1
15,9,2,2,2,2017,22,0,0,2
15,10,10,10,2,2018,22,0,0,5
15,11,6,6,2,1538,22,0,0,4
15,12,8,8,2,2064,22,0,0,3
15,13,7,7,2,2738,22,0,0,1
15,14,5,5,2,2496,22,0,0,2
15,15,1,1,2,1728,22,0,0,7
15,16,9,9,2,2304,22,0,0,6
15,17,4,4,2,1248,22,0,0,6
15,18,3,3,2,2832,22,0,0,2
15,19,2,2,2,1825,22,0,0,3
15,20,10,10,2,2545,22,0,0,3
16,1,1,1,2,4237,33,1,1,7
16,2,10,10,2,4857,33,1,1,5
16,3,4,4,2,2360,33,1,1,2
16,4,6,6,2,1733,33,1,1,3
16,5,5,5,2,2648,33,1,1,6
16,6,8,8,2,3860,33,1,1,5
16,7,9,9,2,2166,33,1,1,5
16,8,3,3,2,2737,33,1,1,3
16,9,7,7,2,1878,33,1,1,8
16,10,2,2,2,1987,33,1,1,10
16,11,1,1,2,4793,33,1,1,7
16,12,10,10,2,1703,33,1,1,5
16,13,4,4,2,2507,33,1,1,2
16,14,6,6,2,4384,33,1,1,4
16,15,5,5,2,2874,33,1,1,6
16,16,8,8,2,1985,33,1,1,5
16,17,9,9,2,2764,33,1,1,6
16,18,3,3,2,2923,33,1,1,3
16,19,7,7,2,2458,33,1,1,8
16,20,2,2,2,2337,33,1,1,10
17,1,4,4,2,1282,26,1,1,4
17,2,7,7,2,2217,26,1,1,10
17,3,3,3,2,1934,26,1,1,5
17,4,8,8,2,3400,26,1,1,6
17,5,2,2,2,899,26,1,1,7
17,6,10,10,2,1512,26,1,1,4
17,7,6,6,2,4664,26,1,1,4
17,8,1,1,2,2463,26,1,1,7
17,9,9,9,2,2640,26,1,1,7
17,10,5,5,2,1226,26,1,1,7
17,11,4,4,2,1038,26,1,1,4
17,12,7,7,2,1752,26,1,1,10
17,13,3,3,2,1040,26,1,1,6
17,14,8,8,2,2312,26,1,1,4
17,15,2,2,2,2312,26,1,1,6
17,16,10,10,2,3065,26,1,1,2
17,17,6,6,2,3772,26,1,1,3
17,18,1,1,2,1184,26,1,1,7
17,19,9,9,2,2451,26,1,1,7
17,20,5,5,2,902,26,1,1,7
18,1,8,8,2,1799,16,0,0,6
18,2,4,4,2,2080,16,0,0,6
18,3,6,6,2,2076,16,0,0,7
18,4,2,2,2,1748,16,0,0,1
18,5,1,1,2,1697,16,0,0,8
18,6,5,5,2,1895,16,0,0,9
18,7,9,9,2,1985,16,0,0,8
18,8,3,3,2,2501,16,0,0,2
18,9,7,7,2,1465,16,0,0,1
18,10,10,10,2,1892,16,0,0,6
18,11,8,8,2,1940,16,0,0,6
18,12,4,4,2,1323,16,0,0,7
18,13,6,6,2,1370,16,0,0,8
18,14,2,2,2,2079,16,0,0,1
18,15,1,1,2,1939,16,0,0,9
18,16,5,5,2,1649,16,0,0,9
18,17,9,9,2,1990,16,0,0,9
18,18,3,3,2,2646,16,0,0,5
18,19,7,7,2,2079,16,0,0,1
18,20,10,10,2,1466,16,0,0,5
19,1,6,6,2,3214,22,0,0,6
19,2,4,4,2,2120,22,0,0,4
19,3,3,3,2,4215,22,0,0,0
19,4,1,1,2,2261,22,0,0,3
19,5,5,5,2,1748,22,0,0,4
19,6,10,10,2,1741,22,0,0,6
19,7,7,7,2,2447,22,0,0,10
19,8,8,8,2,1790,22,0,0,6
19,9,9,9,2,1936,22,0,0,5
19,10,2,2,2,2546,22,0,0,6
19,11,6,6,2,2171,22,0,0,8
19,12,4,4,2,1977,22,0,0,6
19,13,3,3,2,3535,22,0,0,0
19,14,1,1,2,1743,22,0,0,4
19,15,5,5,2,1652,22,0,0,5
19,16,10,10,2,1558,22,0,0,5
19,17,7,7,2,2920,22,0,0,10
19,18,8,8,2,1463,22,0,0,6
19,19,9,9,2,1275,22,0,0,6
19,20,2,2,2,899,22,0,0,3
20,1,10,10,2,2978,30,1,1,7
20,2,2,2,2,2312,30,1,1,6
20,3,9,9,2,1232,30,1,1,6
20,4,5,5,2,895,30,1,1,5
20,5,7,7,2,1658,30,1,1,10
20,6,3,3,2,1229,30,1,1,3
20,7,1,1,2,1890,30,1,1,8
20,8,4,4,2,1369,30,1,1,0
20,9,8,8,2,1651,30,1,1,9
20,10,6,6,2,1892,30,1,1,8
20,11,10,10,2,1701,30,1,1,6
20,12,2,2,2,1228,30,1,1,2
20,13,9,9,2,1183,30,1,1,7
20,14,5,5,2,1659,30,1,1,8
20,15,7,7,2,1842,30,1,1,10
20,16,3,3,2,1887,30,1,1,0
20,17,1,1,2,1460,30,1,1,9
20,18,4,4,2,1941,30,1,1,1
20,19,8,8,2,2071,30,1,1,8
20,20,6,6,2,1182,30,1,1,2
21,1,9,9,2,2639,27,1,1,9
21,2,1,1,2,3010,27,1,1,5
21,3,10,10,2,1175,27,1,1,6
21,4,3,3,2,1505,27,1,1,3
21,5,6,6,2,3435,27,1,1,7
21,6,7,7,2,1460,27,1,1,6
21,7,4,4,2,5973,27,1,1,6
21,8,2,2,2,1789,27,1,1,6
21,9,5,5,2,1223,27,1,1,6
21,10,8,8,2,1648,27,1,1,3
21,11,9,9,2,1836,27,1,1,8
21,12,1,1,2,1788,27,1,1,3
21,13,10,10,2,2168,27,1,1,6
21,14,3,3,2,4754,27,1,1,3
21,15,6,6,2,3015,27,1,1,8
21,16,7,7,2,4240,27,1,1,6
21,17,4,4,2,4567,27,1,1,7
21,18,2,2,2,1368,27,1,1,6
21,19,5,5,2,2165,27,1,1,7
21,20,8,8,2,2075,27,1,1,2
22,1,4,4,2,4391,16,0,0,4
22,2,9,9,2,2549,16,0,0,4
22,3,2,2,2,2583,16,0,0,2
22,4,10,10,2,1654,16,0,0,7
22,5,5,5,2,2633,16,0,0,3
22,6,8,8,2,3880,16,0,0,6
22,7,6,6,2,2685,16,0,0,7
22,8,3,3,2,2058,16,0,0,3
22,9,7,7,2,2140,16,0,0,4
22,10,1,1,2,2298,16,0,0,6
22,11,4,4,2,2091,16,0,0,3
22,12,9,9,2,2109,16,0,0,4
22,13,2,2,2,3212,16,0,0,3
22,14,10,10,2,2097,16,0,0,7
22,15,5,5,2,3453,16,0,0,4
22,16,8,8,2,6368,16,0,0,5
22,17,6,6,2,2755,16,0,0,4
22,18,3,3,2,2049,16,0,0,3
22,19,7,7,2,2748,16,0,0,4
22,20,1,1,2,2386,16,0,0,7
23,1,2,2,2,5985,24,0,1,5
23,2,9,9,2,2264,24,0,1,4
23,3,4,4,2,2403,24,0,1,9
23,4,6,6,2,3250,24,0,1,6
23,5,7,7,2,2359,24,0,1,0
23,6,1,1,2,3814,24,0,1,9
23,7,3,3,2,3439,24,0,1,3
23,8,5,5,2,2875,24,0,1,6
23,9,10,10,2,1981,24,0,1,4
23,10,8,8,2,1745,24,0,1,7
23,11,2,2,2,3577,24,0,1,3
23,12,9,9,2,3485,24,0,1,9
23,13,4,4,2,2306,24,0,1,10
23,14,6,6,2,2119,24,0,1,8
23,15,7,7,2,1652,24,0,1,3
23,16,1,1,2,3764,24,0,1,3
23,17,3,3,2,2215,24,0,1,3
23,18,5,5,2,2028,24,0,1,4
23,19,10,10,2,2638,24,0,1,5
23,20,8,8,2,4331,24,0,1,5
24,1,5,5,2,3489,28,1,1,10
24,2,1,1,2,2734,28,1,1,10
24,3,8,8,2,995,28,1,1,9
24,4,4,4,2,1228,28,1,1,6
24,5,3,3,2,1887,28,1,1,3
24,6,2,2,2,902,28,1,1,2
24,7,6,6,2,1369,28,1,1,5
24,8,7,7,2,1558,28,1,1,9
24,9,10,10,2,2682,28,1,1,8
24,10,9,9,2,2170,28,1,1,7
24,11,5,5,2,2313,28,1,1,10
24,12,1,1,2,2406,28,1,1,10
24,13,8,8,2,2310,28,1,1,9
24,14,4,4,2,1506,28,1,1,6
24,15,3,3,2,1420,28,1,1,2
24,16,2,2,2,2453,28,1,1,2
24,17,6,6,2,1371,28,1,1,7
24,18,7,7,2,2875,28,1,1,10
24,19,10,10,2,3999,28,1,1,6
24,20,9,9,2,1511,28,1,1,4
25,1,8,8,2,3494,27,1,1,4
25,2,6,6,2,2458,27,1,1,6
25,3,1,1,2,3107,27,1,1,3
25,4,4,4,2,2498,27,1,1,1
25,5,3,3,2,2967,27,1,1,1
25,6,9,9,2,2840,27,1,1,2
25,7,2,2,2,2519,27,1,1,10
25,8,7,7,2,2010,27,1,1,3
25,9,5,5,2,2449,27,1,1,8
25,10,10,10,2,2407,27,1,1,6
25,11,8,8,2,1829,27,1,1,4
25,12,6,6,2,3108,27,1,1,7
25,13,1,1,2,2686,27,1,1,4
25,14,4,4,2,3122,27,1,1,1
25,15,3,3,2,2970,27,1,1,1
25,16,9,9,2,1888,27,1,1,3
25,17,2,2,2,2976,27,1,1,9
25,18,7,7,2,2311,27,1,1,4
25,19,5,5,2,3065,27,1,1,8
25,20,10,10,2,2311,27,1,1,6
26,1,3,3,2,3349,28,1,1,2
26,2,4,4,2,4899,28,1,1,9
26,3,7,7,2,3998,28,1,1,7
26,4,9,9,2,3529,28,1,1,8
26,5,6,6,2,5412,28,1,1,3
26,6,10,10,2,6792,28,1,1,3
26,7,1,1,2,5742,28,1,1,5
26,8,2,2,2,1838,28,1,1,3
26,9,5,5,2,2263,28,1,1,7
26,10,8,8,2,2263,28,1,1,7
26,11,3,3,2,2734,28,1,1,4
26,12,4,4,2,3299,28,1,1,4
26,13,7,7,2,3106,28,1,1,4
26,14,9,9,2,3814,28,1,1,8
26,15,6,6,2,3011,28,1,1,6
26,16,10,10,2,2735,28,1,1,4
26,17,1,1,2,1651,28,1,1,7
26,18,2,2,2,2217,28,1,1,5
26,19,5,5,2,3533,28,1,1,7
26,20,8,8,2,3769,28,1,1,7
27,1,6,6,2,3550,26,1,1,1
27,2,4,4,2,2595,26,1,1,1
27,3,1,1,2,1332,26,1,1,2
27,4,5,5,2,5459,26,1,1,2
27,5,10,10,2,6682,26,1,1,8
27,6,2,2,2,2186,26,1,1,9
27,7,7,7,2,2541,26,1,1,0
27,8,3,3,2,7019,26,1,1,0
27,9,9,9,2,1672,26,1,1,9
27,10,8,8,2,1614,26,1,1,8
27,11,6,6,2,2200,26,1,1,2
27,12,4,4,2,2705,26,1,1,1
27,13,1,1,2,1569,26,1,1,2
27,14,5,5,2,1377,26,1,1,2
27,15,10,10,2,5592,26,1,1,8
27,16,2,2,2,1846,26,1,1,9
27,17,7,7,2,3923,26,1,1,0
27,18,3,3,2,3182,26,1,1,0
27,19,9,9,2,2621,26,1,1,9
27,20,8,8,2,2417,26,1,1,8
28,1,3,3,2,1962,22,0,0,4
28,2,8,8,2,3810,22,0,0,7
28,3,4,4,2,1857,22,0,0,7
28,4,7,7,2,3255,22,0,0,3
28,5,6,6,2,3105,22,0,0,5
28,6,1,1,2,2185,22,0,0,8
28,7,5,5,2,2312,22,0,0,9
28,8,10,10,2,2120,22,0,0,5
28,9,9,9,2,3324,22,0,0,10
28,10,2,2,2,3275,22,0,0,1
28,11,3,3,2,1988,22,0,0,1
28,12,8,8,2,4118,22,0,0,2
28,13,4,4,2,4811,22,0,0,5
28,14,7,7,2,5192,22,0,0,2
28,15,6,6,2,3755,22,0,0,6
28,16,1,1,2,3271,22,0,0,8
28,17,5,5,2,2361,22,0,0,9
28,18,10,10,2,2742,22,0,0,7
28,19,9,9,2,2650,22,0,0,10
28,20,2,2,2,3223,22,0,0,3
29,1,4,4,2,2037,24,0,1,7
29,2,2,2,2,1631,24,0,1,7
29,3,9,9,2,1842,24,0,1,10
29,4,7,7,2,4147,24,0,1,3
29,5,5,5,2,2078,24,0,1,7
29,6,6,6,2,1843,24,0,1,4
29,7,10,10,2,2450,24,0,1,10
29,8,8,8,2,2219,24,0,1,4
29,9,3,3,2,2593,24,0,1,3
29,10,1,1,2,3160,24,0,1,4
29,11,4,4,2,2779,24,0,1,6
29,12,2,2,2,2263,24,0,1,8
29,13,9,9,2,2644,24,0,1,10
29,14,7,7,2,2744,24,0,1,4
29,15,5,5,2,1512,24,0,1,6
29,16,6,6,2,2456,24,0,1,5
29,17,10,10,2,1978,24,0,1,9
29,18,8,8,2,3063,24,0,1,4
29,19,3,3,2,2881,24,0,1,3
29,20,1,1,2,4381,24,0,1,4
30,1,9,9,2,1989,18,0,0,3
30,2,8,8,2,1649,18,0,0,5
30,3,2,2,2,1227,18,0,0,8
30,4,1,1,2,1649,18,0,0,3
30,5,10,10,2,1134,18,0,0,4
30,6,6,6,2,1746,18,0,0,5
30,7,4,4,2,1554,18,0,0,3
30,8,5,5,2,1418,18,0,0,3
30,9,7,7,2,1937,18,0,0,2
30,10,3,3,2,2309,18,0,0,2
30,11,9,9,2,2453,18,0,0,1
30,12,8,8,2,1699,18,0,0,4
30,13,2,2,2,2120,18,0,0,9
30,14,1,1,2,1793,18,0,0,5
30,15,10,10,2,1981,18,0,0,5
30,16,6,6,2,1275,18,0,0,4
30,17,4,4,2,2076,18,0,0,3
30,18,5,5,2,3723,18,0,0,4
30,19,7,7,2,2922,18,0,0,1
30,20,3,3,2,2592,18,0,0,4
31,1,5,5,2,5091,20,0,0,4
31,2,10,10,2,3015,20,0,0,4
31,3,1,1,2,1088,20,0,0,7
31,4,7,7,2,1792,20,0,0,5
31,5,6,6,2,1180,20,0,0,5
31,6,8,8,2,1746,20,0,0,4
31,7,9,9,2,1183,20,0,0,7
31,8,4,4,2,4380,20,0,0,2
31,9,2,2,2,1460,20,0,0,1
31,10,3,3,2,1509,20,0,0,3
31,11,5,5,2,1510,20,0,0,6
31,12,10,10,2,2075,20,0,0,4
31,13,1,1,2,1371,20,0,0,7
31,14,7,7,2,2825,20,0,0,5
31,15,6,6,2,1369,20,0,0,6
31,16,8,8,2,2591,20,0,0,2
31,17,9,9,2,1416,20,0,0,6
31,18,4,4,2,1558,20,0,0,2
31,19,2,2,2,1275,20,0,0,1
31,20,3,3,2,803,20,0,0,4
32,1,4,4,2,3304,14,0,0,6
32,2,2,2,2,2406,14,0,0,3
32,3,8,8,2,2311,14,0,0,7
32,4,3,3,2,4522,14,0,0,7
32,5,6,6,2,2029,14,0,0,9
32,6,9,9,2,1652,14,0,0,6
32,7,1,1,2,1935,14,0,0,2
32,8,10,10,2,2030,14,0,0,7
32,9,7,7,2,2073,14,0,0,4
32,10,5,5,2,4332,14,0,0,4
32,11,4,4,2,2973,14,0,0,7
32,12,2,2,2,2875,14,0,0,3
32,13,8,8,2,2499,14,0,0,6
32,14,3,3,2,2357,14,0,0,3
32,15,6,6,2,2311,14,0,0,9
32,16,9,9,2,2874,14,0,0,6
32,17,1,1,2,7018,14,0,0,7
32,18,10,10,2,2541,14,0,0,3
32,19,7,7,2,2825,14,0,0,3
32,20,5,5,2,3533,14,0,0,5
33,1,10,10,2,1691,23,0,1,6
33,2,4,4,2,1302,23,0,1,6
33,3,9,9,2,2069,23,0,1,9
33,4,5,5,2,1350,23,0,1,7
33,5,6,6,2,1736,23,0,1,6
33,6,1,1,2,1638,23,0,1,8
33,7,8,8,2,2407,23,0,1,8
33,8,3,3,2,1350,23,0,1,5
33,9,2,2,2,1254,23,0,1,5
33,10,7,7,2,1975,23,0,1,3
33,11,10,10,2,967,23,0,1,5
33,12,4,4,2,2066,23,0,1,5
33,13,9,9,2,3485,23,0,1,10
33,14,5,5,2,1064,23,0,1,6
33,15,6,6,2,2164,23,0,1,7
33,16,1,1,2,1542,23,0,1,6
33,17,8,8,2,1447,23,0,1,7
33,18,3,3,2,1396,23,0,1,5
33,19,2,2,2,1490,23,0,1,5
33,20,7,7,2,5236,23,0,1,4
34,1,9,9,2,2360,25,1,1,7
34,2,2,2,2,3320,25,1,1,10
34,3,4,4,2,1940,25,1,1,4
34,4,1,1,2,2216,25,1,1,7
34,5,3,3,2,1617,25,1,1,5
34,6,5,5,2,2402,25,1,1,8
34,7,10,10,2,2499,25,1,1,10
34,8,6,6,2,2637,25,1,1,10
34,9,8,8,2,2171,25,1,1,10
34,10,7,7,2,1251,25,1,1,6
34,11,9,9,2,2830,25,1,1,7
34,12,2,2,2,2584,25,1,1,9
34,13,4,4,2,2448,25,1,1,5
34,14,1,1,2,1660,25,1,1,7
34,15,3,3,2,1796,25,1,1,3
34,16,5,5,2,1755,25,1,1,7
34,17,10,10,2,1847,25,1,1,10
34,18,6,6,2,2628,25,1,1,10
34,19,8,8,2,2444,25,1,1,10
34,20,7,7,2,4835,25,1,1,4
35,1,9,9,2,1315,19,0,0,7
35,2,10,10,2,1226,19,0,0,5
35,3,4,4,2,1087,19,0,0,2
35,4,8,8,2,1341,19,0,0,7
35,5,6,6,2,1157,19,0,0,8
35,6,7,7,2,1903,19,0,0,10
35,7,5,5,2,1477,19,0,0,9
35,8,1,1,2,1309,19,0,0,5
35,9,3,3,2,1405,19,0,0,3
35,10,2,2,2,1537,19,0,0,7
35,11,9,9,2,1264,19,0,0,6
35,12,10,10,2,1063,19,0,0,4
35,13,4,4,2,1216,19,0,0,1
35,14,8,8,2,1125,19,0,0,5
35,15,6,6,2,2139,19,0,0,8
35,16,7,7,2,1580,19,0,0,10
35,17,5,5,2,1570,19,0,0,9
35,18,1,1,2,1434,19,0,0,7
35,19,3,3,2,1021,19,0,0,1
35,20,2,2,2,879,19,0,0,7
36,1,4,4,2,2175,25,1,1,2
36,2,2,2,2,2078,25,1,1,6
36,3,8,8,2,2493,25,1,1,6
36,4,5,5,2,1527,25,1,1,7
36,5,3,3,2,2912,25,1,1,0
36,6,1,1,2,1753,25,1,1,8
36,7,9,9,2,3830,25,1,1,7
36,8,7,7,2,2220,25,1,1,7
36,9,6,6,2,4619,25,1,1,5
36,10,10,10,2,2866,25,1,1,1
36,11,4,4,2,1714,25,1,1,3
36,12,2,2,2,4571,25,1,1,4
36,13,8,8,2,4064,25,1,1,7
36,14,5,5,2,1436,25,1,1,6
36,15,3,3,2,3658,25,1,1,0
36,16,1,1,2,1626,25,1,1,7
36,17,9,9,2,887,25,1,1,7
36,18,7,7,2,1761,25,1,1,6
36,19,6,6,2,5826,25,1,1,5
36,20,10,10,2,1157,25,1,1,1
37,1,6,6,2,3999,28,1,1,6
37,2,9,9,2,2490,28,1,1,4
37,3,7,7,2,2815,28,1,1,10
37,4,3,3,2,3823,28,1,1,7
37,5,4,4,2,2628,28,1,1,7
37,6,1,1,2,2998,28,1,1,8
37,7,8,8,2,3779,28,1,1,7
37,8,2,2,2,2397,28,1,1,5
37,9,10,10,2,2994,28,1,1,4
37,10,5,5,2,4550,28,1,1,7
37,11,6,6,2,2813,28,1,1,4
37,12,9,9,2,3044,28,1,1,7
37,13,7,7,2,2719,28,1,1,8
37,14,3,3,2,2073,28,1,1,9
37,15,4,4,2,2447,28,1,1,8
37,16,1,1,2,3645,28,1,1,6
37,17,8,8,2,2587,28,1,1,8
37,18,2,2,2,3962,28,1,1,3
37,19,10,10,2,3824,28,1,1,9
37,20,5,5,2,2075,28,1,1,8
38,1,8,8,2,2554,30,1,1,6
38,2,2,2,2,1481,30,1,1,4
38,3,6,6,2,2125,30,1,1,4
38,4,4,4,2,2799,30,1,1,6
38,5,9,9,2,1493,30,1,1,6
38,6,10,10,2,2065,30,1,1,5
38,7,3,3,2,1918,30,1,1,6
38,8,7,7,2,2458,30,1,1,8
38,9,1,1,2,1785,30,1,1,7
38,10,5,5,2,2223,30,1,1,6
38,11,8,8,2,2263,30,1,1,6
38,12,2,2,2,1979,30,1,1,3
38,13,6,6,2,1253,30,1,1,7
38,14,4,4,2,1134,30,1,1,6
38,15,9,9,2,1347,30,1,1,7
38,16,10,10,2,2022,30,1,1,4
38,17,3,3,2,1827,30,1,1,5
38,18,7,7,2,1926,30,1,1,9
38,19,1,1,2,1820,30,1,1,5
38,20,5,5,2,1350,30,1,1,5
39,1,5,5,2,2275,19,0,0,7
39,2,4,4,2,1689,19,0,0,6
39,3,8,8,2,2830,19,0,0,8
39,4,6,6,2,1157,19,0,0,7
39,5,3,3,2,2279,19,0,0,4
39,6,1,1,2,1340,19,0,0,6
39,7,10,10,2,1448,19,0,0,7
39,8,2,2,2,1348,19,0,0,7
39,9,7,7,2,1901,19,0,0,6
39,10,9,9,2,1590,19,0,0,8
39,11,5,5,2,1663,19,0,0,6
39,12,4,4,2,1737,19,0,0,5
39,13,8,8,2,1301,19,0,0,6
39,14,6,6,2,2501,19,0,0,5
39,15,3,3,2,2404,19,0,0,3
39,16,1,1,2,2361,19,0,0,7
39,17,10,10,2,1161,19,0,0,6
39,18,2,2,2,1828,19,0,0,7
39,19,7,7,2,1783,19,0,0,7
39,20,9,9,2,1013,19,0,0,5
40,1,6,6,2,5870,30,1,1,5
40,2,5,5,2,5443,30,1,1,2
40,3,8,8,2,7165,30,1,1,4
40,4,2,2,2,2848,30,1,1,4
40,5,7,7,2,3103,30,1,1,10
40,6,3,3,2,2228,30,1,1,2
40,7,9,9,2,2843,30,1,1,8
40,8,1,1,2,1465,30,1,1,8
40,9,10,10,2,1134,30,1,1,5
40,10,4,4,2,2795,30,1,1,2
40,11,6,6,2,2098,30,1,1,6
40,12,5,5,2,3723,30,1,1,1
40,13,8,8,2,4229,30,1,1,3
40,14,2,2,2,2316,30,1,1,3
40,15,7,7,2,2310,30,1,1,10
40,16,3,3,2,2686,30,1,1,2
40,17,9,9,2,8575,30,1,1,8
40,18,1,1,2,2261,30,1,1,8
40,19,10,10,2,2691,30,1,1,4
40,20,4,4,2,2878,30,1,1,2
41,1,10,10,2,3137,23,0,1,7
41,2,7,7,2,1537,23,0,1,8
41,3,5,5,2,1392,23,0,1,6
41,4,3,3,2,1009,23,0,1,7
41,5,9,9,2,1249,23,0,1,6
41,6,6,6,2,1346,23,0,1,6
41,7,8,8,2,2788,23,0,1,3
41,8,4,4,2,1155,23,0,1,6
41,9,1,1,2,2017,23,0,1,2
41,10,2,2,2,1684,23,0,1,3
41,11,10,10,2,1900,23,0,1,8
41,12,7,7,2,3180,23,0,1,6
41,13,5,5,2,1201,23,0,1,5
41,14,3,3,2,2120,23,0,1,6
41,15,9,9,2,1688,23,0,1,7
41,16,6,6,2,1303,23,0,1,6
41,17,8,8,2,1638,23,0,1,3
41,18,4,4,2,1619,23,0,1,6
41,19,1,1,2,1715,23,0,1,2
41,20,2,2,2,1617,23,0,1,3
42,1,9,9,2,7286,28,1,1,6
42,2,3,3,2,1893,28,1,1,6
42,3,2,2,2,2949,28,1,1,8
42,4,6,6,2,1848,28,1,1,7
42,5,1,1,2,1762,28,1,1,9
42,6,8,8,2,2352,28,1,1,6
42,7,5,5,2,2308,28,1,1,7
42,8,10,10,2,1662,28,1,1,6
42,9,4,4,2,2861,28,1,1,2
42,10,7,7,2,3090,28,1,1,8
42,11,9,9,2,2633,28,1,1,6
42,12,3,3,2,2122,28,1,1,6
42,13,2,2,2,1388,28,1,1,8
42,14,6,6,2,2233,28,1,1,8
42,15,1,1,2,1621,28,1,1,10
42,16,8,8,2,3457,28,1,1,8
42,17,5,5,2,2813,28,1,1,8
42,18,10,10,2,1534,28,1,1,8
42,19,4,4,2,2444,28,1,1,3
42,20,7,7,2,2349,28,1,1,8
1,1,8,2,3,7681,21,0,0,3
1,2,2,9,3,2170,21,0,0,7
1,3,3,9,3,1794,21,0,0,8
1,4,6,1,3,2452,21,0,0,7
1,5,5,10,3,2405,21,0,0,4
1,6,4,10,3,1601,21,0,0,4
1,7,9,2,3,1888,21,0,0,4
1,8,10,5,3,2112,21,0,0,7
1,9,1,6,3,2883,21,0,0,7
1,10,7,1,3,2127,21,0,0,7
1,11,8,4,3,3345,21,0,0,6
1,12,2,6,3,2167,21,0,0,8
1,13,3,7,3,3764,21,0,0,6
1,14,6,3,3,2965,21,0,0,1
1,15,5,8,3,2547,21,0,0,6
1,16,4,7,3,2458,21,0,0,6
1,17,9,5,3,2219,21,0,0,7
1,18,10,3,3,3860,21,0,0,2
1,19,1,8,3,3029,21,0,0,2
1,20,7,4,3,2645,21,0,0,6
2,1,10,3,3,4754,12,0,0,2
2,2,5,10,3,2692,12,0,0,7
2,3,9,2,3,4147,12,0,0,2
2,4,2,9,3,4295,12,0,0,6
2,5,4,10,3,2930,12,0,0,6
2,6,7,1,3,5275,12,0,0,7
2,7,6,1,3,1703,12,0,0,6
2,8,1,6,3,2737,12,0,0,5
2,9,8,4,3,3580,12,0,0,6
2,10,3,9,3,5377,12,0,0,6
2,11,10,5,3,5009,12,0,0,6
2,12,5,8,3,4998,12,0,0,2
2,13,9,5,3,1990,12,0,0,7
2,14,2,6,3,2220,12,0,0,7
2,15,4,7,3,4949,12,0,0,3
2,16,7,4,3,3587,12,0,0,6
2,17,6,3,3,3638,12,0,0,2
2,18,1,8,3,2785,12,0,0,2
2,19,8,2,3,3587,12,0,0,2
2,20,3,7,3,5380,12,0,0,1
3,1,9,2,3,3613,24,1,1,4
3,2,6,1,3,2357,24,1,1,6
3,3,10,3,3,3302,24,1,1,4
3,4,4,10,3,3748,24,1,1,4
3,5,5,10,3,2504,24,1,1,3
3,6,2,9,3,2697,24,1,1,5
3,7,7,1,3,2103,24,1,1,7
3,8,8,2,3,1941,24,1,1,3
3,9,3,9,3,2384,24,1,1,4
3,10,1,8,3,2318,24,1,1,4
3,11,9,5,3,2844,24,1,1,6
3,12,6,3,3,2285,24,1,1,4
3,13,10,5,3,1942,24,1,1,7
3,14,4,7,3,2418,24,1,1,9
3,15,5,8,3,2271,24,1,1,4
3,16,2,6,3,3159,24,1,1,6
3,17,7,4,3,2088,24,1,1,7
3,18,8,4,3,2412,24,1,1,5
3,19,3,7,3,1754,24,1,1,8
3,20,1,6,3,2268,24,1,1,7
4,1,10,3,3,5608,29,1,1,2
4,2,8,4,3,4903,29,1,1,3
4,3,6,1,3,3442,29,1,1,7
4,4,2,6,3,3203,29,1,1,10
4,5,7,1,3,2137,29,1,1,2
4,6,1,8,3,2076,29,1,1,8
4,7,9,5,3,1741,29,1,1,9
4,8,5,10,3,2216,29,1,1,8
4,9,3,7,3,3301,29,1,1,2
4,10,4,10,3,5140,29,1,1,3
4,11,10,5,3,1980,29,1,1,8
4,12,8,2,3,2168,29,1,1,4
4,13,6,3,3,3164,29,1,1,2
4,14,2,9,3,3777,29,1,1,7
4,15,7,4,3,2925,29,1,1,3
4,16,1,6,3,2644,29,1,1,10
4,17,9,2,3,1935,29,1,1,5
4,18,5,8,3,3213,29,1,1,8
4,19,3,9,3,2360,29,1,1,8
4,20,4,7,3,2033,29,1,1,1
5,1,5,8,3,4769,22,0,0,3
5,2,7,1,3,3492,22,0,0,9
5,3,10,3,3,2777,22,0,0,4
5,4,8,2,3,2450,22,0,0,2
5,5,6,3,3,1937,22,0,0,5
5,6,4,10,3,2369,22,0,0,3
5,7,3,9,3,2363,22,0,0,8
5,8,2,9,3,2973,22,0,0,8
5,9,9,2,3,2080,22,0,0,2
5,10,1,8,3,3676,22,0,0,6
5,11,5,10,3,3824,22,0,0,3
5,12,7,4,3,2598,22,0,0,4
5,13,10,5,3,2749,22,0,0,6
5,14,8,4,3,4388,22,0,0,5
5,15,6,1,3,1704,22,0,0,9
5,16,4,7,3,3585,22,0,0,6
5,17,3,7,3,3168,22,0,0,7
5,18,2,6,3,3118,22,0,0,5
5,19,9,5,3,1936,22,0,0,6
5,20,1,6,3,4244,22,0,0,4
6,1,10,3,3,3070,29,1,1,3
6,2,6,1,3,2275,29,1,1,5
6,3,8,4,3,2262,29,1,1,6
6,4,3,7,3,3162,29,1,1,7
6,5,7,1,3,3300,29,1,1,5
6,6,9,5,3,3588,29,1,1,6
6,7,1,8,3,1662,29,1,1,4
6,8,2,9,3,3026,29,1,1,7
6,9,5,8,3,4533,29,1,1,5
6,10,4,10,3,5625,29,1,1,8
6,11,10,5,3,2360,29,1,1,7
6,12,6,3,3,1796,29,1,1,5
6,13,8,2,3,2691,29,1,1,6
6,14,3,9,3,3447,29,1,1,5
6,15,7,4,3,2602,29,1,1,8
6,16,9,2,3,1561,29,1,1,6
6,17,1,6,3,1932,29,1,1,6
6,18,2,6,3,2831,29,1,1,8
6,19,5,10,3,3210,29,1,1,6
6,20,4,7,3,2595,29,1,1,6
7,1,8,2,3,6644,22,0,0,4
7,2,5,8,3,3392,22,0,0,4
7,3,10,3,3,5509,22,0,0,3
7,4,7,1,3,3111,22,0,0,6
7,5,6,3,3,3357,22,0,0,3
7,6,4,10,3,2552,22,0,0,6
7,7,9,5,3,2507,22,0,0,6
7,8,3,9,3,4710,22,0,0,3
7,9,1,6,3,4133,22,0,0,6
7,10,2,9,3,3836,22,0,0,6
7,11,8,4,3,2684,22,0,0,7
7,12,5,10,3,5883,22,0,0,6
7,13,10,5,3,7369,22,0,0,6
7,14,7,4,3,4063,22,0,0,7
7,15,6,1,3,7514,22,0,0,7
7,16,4,7,3,2838,22,0,0,7
7,17,9,2,3,3126,22,0,0,3
7,18,3,7,3,3044,22,0,0,7
7,19,1,8,3,6361,22,0,0,3
7,20,2,6,3,5695,22,0,0,6
8,1,4,10,3,2223,27,1,1,5
8,2,5,10,3,1423,27,1,1,5
8,3,3,9,3,2743,27,1,1,5
8,4,2,9,3,1797,27,1,1,10
8,5,1,8,3,1089,27,1,1,6
8,6,10,3,3,1841,27,1,1,2
8,7,6,1,3,1299,27,1,1,2
8,8,7,1,3,1039,27,1,1,7
8,9,8,2,3,1615,27,1,1,9
8,10,9,2,3,1338,27,1,1,9
8,11,4,7,3,2705,27,1,1,7
8,12,5,8,3,1042,27,1,1,7
8,13,3,7,3,1413,27,1,1,8
8,14,2,6,3,1885,27,1,1,6
8,15,1,6,3,1131,27,1,1,7
8,16,10,5,3,1977,27,1,1,7
8,17,6,3,3,1888,27,1,1,3
8,18,7,4,3,2029,27,1,1,8
8,19,8,4,3,1420,27,1,1,3
8,20,9,5,3,1271,27,1,1,6
9,1,6,1,3,4717,23,0,1,5
9,2,7,4,3,2882,23,0,1,5
9,3,9,2,3,1543,23,0,1,8
9,4,2,6,3,1346,23,0,1,5
9,5,8,2,3,1851,23,0,1,8
9,6,3,9,3,1972,23,0,1,5
9,7,1,8,3,2742,23,0,1,6
9,8,5,10,3,1304,23,0,1,4
9,9,4,10,3,1401,23,0,1,5
9,10,10,3,3,1876,23,0,1,7
9,11,6,3,3,2599,23,0,1,7
9,12,7,1,3,1202,23,0,1,5
9,13,9,5,3,1607,23,0,1,7
9,14,2,9,3,2075,23,0,1,5
9,15,8,4,3,1258,23,0,1,6
9,16,3,7,3,1651,23,0,1,8
9,17,1,6,3,1327,23,0,1,4
9,18,5,8,3,1697,23,0,1,6
9,19,4,7,3,2358,23,0,1,8
9,20,10,5,3,1609,23,0,1,7
10,1,10,3,3,4904,24,1,1,2
10,2,7,1,3,2497,24,1,1,6
10,3,3,9,3,2065,24,1,1,4
10,4,6,1,3,3217,24,1,1,6
10,5,5,10,3,2640,24,1,1,6
10,6,9,5,3,1491,24,1,1,7
10,7,1,8,3,1776,24,1,1,6
10,8,8,2,3,1346,24,1,1,4
10,9,4,7,3,1728,24,1,1,4
10,10,2,9,3,2259,24,1,1,6
10,11,10,5,3,1776,24,1,1,4
10,12,7,4,3,2114,24,1,1,5
10,13,3,7,3,1920,24,1,1,3
10,14,6,3,3,1536,24,1,1,4
10,15,5,8,3,1488,24,1,1,6
10,16,9,2,3,1392,24,1,1,4
10,17,1,6,3,2784,24,1,1,5
10,18,8,4,3,3409,24,1,1,6
10,19,4,10,3,1632,24,1,1,4
10,20,2,6,3,3168,24,1,1,5
11,1,10,3,3,6633,30,1,1,6
11,2,8,4,3,2777,30,1,1,6
11,3,7,1,3,2730,30,1,1,9
11,4,2,6,3,2729,30,1,1,8
11,5,6,1,3,2918,30,1,1,10
11,6,1,8,3,4245,30,1,1,5
11,7,5,10,3,3247,30,1,1,3
11,8,9,5,3,2262,30,1,1,9
11,9,4,7,3,3294,30,1,1,9
11,10,3,9,3,2732,30,1,1,8
11,11,10,5,3,4986,30,1,1,7
11,12,8,2,3,2546,30,1,1,9
11,13,7,4,3,5038,30,1,1,8
11,14,2,9,3,2308,30,1,1,9
11,15,6,3,3,1931,30,1,1,7
11,16,1,6,3,2122,30,1,1,9
11,17,5,8,3,3340,30,1,1,6
11,18,9,2,3,2450,30,1,1,9
11,19,4,10,3,3105,30,1,1,2
11,20,3,7,3,2922,30,1,1,9
12,1,1,8,3,2098,21,0,0,5
12,2,9,5,3,1718,21,0,0,4
12,3,4,7,3,2007,21,0,0,3
12,4,2,9,3,1580,21,0,0,3
12,5,6,1,3,1824,21,0,0,5
12,6,5,10,3,1863,21,0,0,6
12,7,10,3,3,1583,21,0,0,4
12,8,7,1,3,2304,21,0,0,3
12,9,8,4,3,1577,21,0,0,4
12,10,3,7,3,1634,21,0,0,4
12,11,1,6,3,1777,21,0,0,4
12,12,9,2,3,1920,21,0,0,4
12,13,4,10,3,4320,21,0,0,5
12,14,2,6,3,5137,21,0,0,3
12,15,6,3,3,1626,21,0,0,4
12,16,5,8,3,2929,21,0,0,5
12,17,10,5,3,1392,21,0,0,6
12,18,7,4,3,3216,21,0,0,3
12,19,8,2,3,3301,21,0,0,4
12,20,3,9,3,2112,21,0,0,4
13,1,2,9,3,7238,22,0,0,7
13,2,4,10,3,4979,22,0,0,7
13,3,3,9,3,3725,22,0,0,6
13,4,9,5,3,5047,22,0,0,6
13,5,1,6,3,5977,22,0,0,2
13,6,6,1,3,6971,22,0,0,6
13,7,7,1,3,3628,22,0,0,10
13,8,5,8,3,6666,22,0,0,7
13,9,10,5,3,3872,22,0,0,4
13,10,8,2,3,5196,22,0,0,4
13,11,2,6,3,5024,22,0,0,1
13,12,4,7,3,3787,22,0,0,5
13,13,3,7,3,4322,22,0,0,4
13,14,9,2,3,3312,22,0,0,4
13,15,1,8,3,4080,22,0,0,6
13,16,6,3,3,7053,22,0,0,0
13,17,7,4,3,5137,22,0,0,8
13,18,5,10,3,3320,22,0,0,7
13,19,10,3,3,5545,22,0,0,3
13,20,8,4,3,4417,22,0,0,10
14,1,7,4,3,7737,33,1,1,7
14,2,2,9,3,2832,33,1,1,6
14,3,5,10,3,2208,33,1,1,9
14,4,3,7,3,2496,33,1,1,10
14,5,1,8,3,7632,33,1,1,6
14,6,8,2,3,3602,33,1,1,8
14,7,10,5,3,1824,33,1,1,9
14,8,6,1,3,2209,33,1,1,8
14,9,4,7,3,1730,33,1,1,10
14,10,9,2,3,1632,33,1,1,8
14,11,7,1,3,1536,33,1,1,8
14,12,2,6,3,1536,33,1,1,8
14,13,5,8,3,2256,33,1,1,6
14,14,3,9,3,2112,33,1,1,6
14,15,1,6,3,1152,33,1,1,8
14,16,8,4,3,2544,33,1,1,6
14,17,10,3,3,2017,33,1,1,9
14,18,6,3,3,2161,33,1,1,9
14,19,4,10,3,1585,33,1,1,8
14,20,9,5,3,2689,33,1,1,9
15,1,10,3,3,2790,22,0,0,1
15,2,4,7,3,2736,22,0,0,2
15,3,6,1,3,2449,22,0,0,7
15,4,9,5,3,2784,22,0,0,3
15,5,7,1,3,2400,22,0,0,7
15,6,1,8,3,1873,22,0,0,2
15,7,8,4,3,2496,22,0,0,7
15,8,5,8,3,1825,22,0,0,3
15,9,3,9,3,1536,22,0,0,6
15,10,2,9,3,1728,22,0,0,6
15,11,10,5,3,2976,22,0,0,3
15,12,4,10,3,1872,22,0,0,3
15,13,6,3,3,2402,22,0,0,2
15,14,9,2,3,1872,22,0,0,4
15,15,7,4,3,1968,22,0,0,6
15,16,1,6,3,1488,22,0,0,5
15,17,8,2,3,1968,22,0,0,3
15,18,5,10,3,2016,22,0,0,4
15,19,3,7,3,2256,22,0,0,2
15,20,2,6,3,2736,22,0,0,4
16,1,6,3,3,4995,33,1,1,2
16,2,3,9,3,2216,33,1,1,6
16,3,9,5,3,2452,33,1,1,6
16,4,2,6,3,4142,33,1,1,3
16,5,1,6,3,6644,33,1,1,3
16,6,8,4,3,2028,33,1,1,2
16,7,7,1,3,2920,33,1,1,7
16,8,5,8,3,4148,33,1,1,5
16,9,10,5,3,4289,33,1,1,7
16,10,4,7,3,2688,33,1,1,8
16,11,6,1,3,3368,33,1,1,7
16,12,3,7,3,3725,33,1,1,8
16,13,9,2,3,2500,33,1,1,10
16,14,2,9,3,2851,33,1,1,5
16,15,1,8,3,3064,33,1,1,5
16,16,8,2,3,2979,33,1,1,10
16,17,7,4,3,3064,33,1,1,2
16,18,5,10,3,3769,33,1,1,6
16,19,10,3,3,2647,33,1,1,2
16,20,4,10,3,2784,33,1,1,6
17,1,8,4,3,2965,26,1,1,6
17,2,1,6,3,1652,26,1,1,4
17,3,3,9,3,1794,26,1,1,8
17,4,7,1,3,2448,26,1,1,8
17,5,9,2,3,1601,26,1,1,7
17,6,10,3,3,2500,26,1,1,6
17,7,5,10,3,3537,26,1,1,1
17,8,6,3,3,1887,26,1,1,6
17,9,4,10,3,3113,26,1,1,2
17,10,2,6,3,2689,26,1,1,4
17,11,8,2,3,1841,26,1,1,7
17,12,1,8,3,2263,26,1,1,5
17,13,3,7,3,3577,26,1,1,10
17,14,7,4,3,1652,26,1,1,4
17,15,9,5,3,2169,26,1,1,7
17,16,10,5,3,2829,26,1,1,7
17,17,5,8,3,5270,26,1,1,4
17,18,6,1,3,2353,26,1,1,8
17,19,4,7,3,2311,26,1,1,10
17,20,2,9,3,1743,26,1,1,8
18,1,3,7,3,1843,16,0,0,2
18,2,4,7,3,2388,16,0,0,1
18,3,8,4,3,2372,16,0,0,6
18,4,10,5,3,2311,16,0,0,8
18,5,9,2,3,2169,16,0,0,1
18,6,1,6,3,2594,16,0,0,8
18,7,2,6,3,3392,16,0,0,8
18,8,5,10,3,2407,16,0,0,7
18,9,7,4,3,1836,16,0,0,7
18,10,6,3,3,1983,16,0,0,5
18,11,3,9,3,2168,16,0,0,7
18,12,4,10,3,2735,16,0,0,6
18,13,8,2,3,2606,16,0,0,1
18,14,10,3,3,1888,16,0,0,3
18,15,9,5,3,2308,16,0,0,8
18,16,1,8,3,1891,16,0,0,4
18,17,2,9,3,2686,16,0,0,9
18,18,5,8,3,1370,16,0,0,5
18,19,7,1,3,2943,16,0,0,9
18,20,6,1,3,2124,16,0,0,9
19,1,7,1,3,3725,22,0,0,4
19,2,10,5,3,2257,22,0,0,5
19,3,9,2,3,2452,22,0,0,6
19,4,8,2,3,2402,22,0,0,6
19,5,2,6,3,2174,22,0,0,5
19,6,1,6,3,4227,22,0,0,5
19,7,4,10,3,2500,22,0,0,6
19,8,5,10,3,1347,22,0,0,6
19,9,6,3,3,7256,22,0,0,5
19,10,3,9,3,4891,22,0,0,4
19,11,7,4,3,14210,22,0,0,4
19,12,10,3,3,5428,22,0,0,0
19,13,9,5,3,2929,22,0,0,4
19,14,8,4,3,1975,22,0,0,5
19,15,2,9,3,10175,22,0,0,5
19,16,1,8,3,6413,22,0,0,5
19,17,4,7,3,2860,22,0,0,10
19,18,5,8,3,1843,22,0,0,5
19,19,6,1,3,3502,22,0,0,3
19,20,3,7,3,2933,22,0,0,10
20,1,2,9,3,3422,30,1,1,5
20,2,1,8,3,1157,30,1,1,5
20,3,7,4,3,2702,30,1,1,3
20,4,3,7,3,2934,30,1,1,6
20,5,6,1,3,1399,30,1,1,5
20,6,4,10,3,810,30,1,1,4
20,7,8,4,3,1618,30,1,1,3
20,8,5,8,3,1232,30,1,1,5
20,9,10,3,3,1746,30,1,1,3
20,10,9,2,3,3490,30,1,1,6
20,11,2,6,3,1600,30,1,1,3
20,12,1,6,3,1323,30,1,1,2
20,13,7,1,3,1511,30,1,1,3
20,14,3,9,3,1133,30,1,1,3
20,15,6,3,3,994,30,1,1,3
20,16,4,7,3,570,30,1,1,5
20,17,8,2,3,1271,30,1,1,7
20,18,5,10,3,1464,30,1,1,6
20,19,10,5,3,1225,30,1,1,5
20,20,9,5,3,1367,30,1,1,6
21,1,3,7,3,2128,27,1,1,3
21,2,10,5,3,7157,27,1,1,5
21,3,7,4,3,2030,27,1,1,6
21,4,4,10,3,3202,27,1,1,7
21,5,2,6,3,3959,27,1,1,9
21,6,6,1,3,2775,27,1,1,3
21,7,9,5,3,11198,27,1,1,4
21,8,5,8,3,1835,27,1,1,3
21,9,1,6,3,2449,27,1,1,8
21,10,8,4,3,15771,27,1,1,4
21,11,3,9,3,3436,27,1,1,7
21,12,10,3,3,2167,27,1,1,3
21,13,7,1,3,2360,27,1,1,3
21,14,4,7,3,2167,27,1,1,6
21,15,2,9,3,2918,27,1,1,8
21,16,6,3,3,3434,27,1,1,2
21,17,9,2,3,9613,27,1,1,3
21,18,5,10,3,2635,27,1,1,6
21,19,1,8,3,2119,27,1,1,2
21,20,8,2,3,3107,27,1,1,7
22,1,3,7,3,10359,16,0,0,4
22,2,5,8,3,3791,16,0,0,5
22,3,8,4,3,3460,16,0,0,3
22,4,7,1,3,3906,16,0,0,6
22,5,9,5,3,4911,16,0,0,5
22,6,2,6,3,2986,16,0,0,6
22,7,4,10,3,2730,16,0,0,7
22,8,10,5,3,6343,16,0,0,4
22,9,6,3,3,5678,16,0,0,2
22,10,1,6,3,2738,16,0,0,6
22,11,3,9,3,3535,16,0,0,4
22,12,5,10,3,2453,16,0,0,8
22,13,8,2,3,3508,16,0,0,2
22,14,7,4,3,3292,16,0,0,3
22,15,9,2,3,3042,16,0,0,2
22,16,2,9,3,4665,16,0,0,6
22,17,4,7,3,3216,16,0,0,3
22,18,10,3,3,2782,16,0,0,2
22,19,6,1,3,3024,16,0,0,6
22,20,1,8,3,8358,16,0,0,5
23,1,9,2,3,3979,24,0,1,3
23,2,8,4,3,2990,24,0,1,7
23,3,4,10,3,5981,24,0,1,4
23,4,3,9,3,3111,24,0,1,8
23,5,2,6,3,4193,24,0,1,8
23,6,5,8,3,5037,24,0,1,6
23,7,6,1,3,3202,24,0,1,3
23,8,1,8,3,2734,24,0,1,3
23,9,10,5,3,4848,24,0,1,4
23,10,7,1,3,3482,24,0,1,6
23,11,9,5,3,2733,24,0,1,7
23,12,8,2,3,2542,24,0,1,3
23,13,4,7,3,3673,24,0,1,0
23,14,3,7,3,5645,24,0,1,2
23,15,2,9,3,3577,24,0,1,8
23,16,5,10,3,2874,24,0,1,7
23,17,6,3,3,3813,24,0,1,3
23,18,1,6,3,4517,24,0,1,9
23,19,10,3,3,2591,24,0,1,2
23,20,7,4,3,3104,24,0,1,10
24,1,2,6,3,6687,28,1,1,5
24,2,8,4,3,3437,28,1,1,4
24,3,3,9,3,4893,28,1,1,6
24,4,6,1,3,4286,28,1,1,8
24,5,10,3,3,2547,28,1,1,3
24,6,7,4,3,2734,28,1,1,4
24,7,1,6,3,2877,28,1,1,8
24,8,9,5,3,2638,28,1,1,8
24,9,5,8,3,1932,28,1,1,7
24,10,4,10,3,3438,28,1,1,5
24,11,2,9,3,3626,28,1,1,3
24,12,8,2,3,2730,28,1,1,4
24,13,3,7,3,4141,28,1,1,6
24,14,6,3,3,2123,28,1,1,3
24,15,10,5,3,6682,28,1,1,7
24,16,7,1,3,2027,28,1,1,9
24,17,1,8,3,5979,28,1,1,8
24,18,9,2,3,2636,28,1,1,5
24,19,5,10,3,2217,28,1,1,6
24,20,4,7,3,3060,28,1,1,6
25,1,1,8,3,7961,27,1,1,3
25,2,7,4,3,3435,27,1,1,2
25,3,5,8,3,8058,27,1,1,3
25,4,8,2,3,2920,27,1,1,9
25,5,2,9,3,2686,27,1,1,1
25,6,10,3,3,3296,27,1,1,0
25,7,4,10,3,2870,27,1,1,3
25,8,9,5,3,3865,27,1,1,8
25,9,3,7,3,3013,27,1,1,3
25,10,6,1,3,2404,27,1,1,2
25,11,1,6,3,4897,27,1,1,6
25,12,7,1,3,4096,27,1,1,3
25,13,5,10,3,4003,27,1,1,6
25,14,8,4,3,6164,27,1,1,1
25,15,2,6,3,3388,27,1,1,6
25,16,10,5,3,5371,27,1,1,9
25,17,4,7,3,2684,27,1,1,2
25,18,9,2,3,2917,27,1,1,9
25,19,3,9,3,3681,27,1,1,2
25,20,6,3,3,3065,27,1,1,0
26,1,7,4,3,8076,28,1,1,4
26,2,6,1,3,2750,28,1,1,6
26,3,3,9,3,3687,28,1,1,5
26,4,9,2,3,2041,28,1,1,6
26,5,1,6,3,3632,28,1,1,3
26,6,4,10,3,4797,28,1,1,2
26,7,5,10,3,4058,28,1,1,2
26,8,2,6,3,2787,28,1,1,3
26,9,8,4,3,2800,28,1,1,3
26,10,10,3,3,2319,28,1,1,1
26,11,7,1,3,3777,28,1,1,5
26,12,6,3,3,3310,28,1,1,0
26,13,3,7,3,2130,28,1,1,3
26,14,9,5,3,6184,28,1,1,8
26,15,1,8,3,6236,28,1,1,7
26,16,4,7,3,5112,28,1,1,6
26,17,5,8,3,2886,28,1,1,5
26,18,2,9,3,3406,28,1,1,4
26,19,8,2,3,2981,28,1,1,2
26,20,10,5,3,2646,28,1,1,4
27,1,8,2,3,7642,26,1,1,9
27,2,3,9,3,1953,26,1,1,9
27,3,2,9,3,1857,26,1,1,9
27,4,4,10,3,4076,26,1,1,10
27,5,9,2,3,2381,26,1,1,9
27,6,7,1,3,2527,26,1,1,2
27,7,10,3,3,3407,26,1,1,0
27,8,5,10,3,2755,26,1,1,9
27,9,1,8,3,3002,26,1,1,8
27,10,6,1,3,7964,26,1,1,2
27,11,8,4,3,3413,26,1,1,0
27,12,3,7,3,3527,26,1,1,0
27,13,2,6,3,4748,26,1,1,3
27,14,4,7,3,2060,26,1,1,0
27,15,9,5,3,4952,26,1,1,2
27,16,7,4,3,2230,26,1,1,1
27,17,10,5,3,6311,26,1,1,2
27,18,5,8,3,2329,26,1,1,8
27,19,1,6,3,2283,26,1,1,3
27,20,6,3,3,3808,26,1,1,0
28,1,7,4,3,6589,22,0,0,7
28,2,8,4,3,3273,22,0,0,7
28,3,2,6,3,2649,22,0,0,6
28,4,1,6,3,1684,22,0,0,6
28,5,10,3,3,2596,22,0,0,1
28,6,3,7,3,2119,22,0,0,1
28,7,9,5,3,2120,22,0,0,8
28,8,4,10,3,3175,22,0,0,8
28,9,5,8,3,3030,22,0,0,6
28,10,6,3,3,2312,22,0,0,3
28,11,7,1,3,3652,22,0,0,9
28,12,8,2,3,2070,22,0,0,2
28,13,2,9,3,3175,22,0,0,9
28,14,1,8,3,3125,22,0,0,4
28,15,10,5,3,2594,22,0,0,5
28,16,3,9,3,3562,22,0,0,9
28,17,9,2,3,2788,22,0,0,0
28,18,4,7,3,2549,22,0,0,1
28,19,5,10,3,2407,22,0,0,5
28,20,6,1,3,3032,22,0,0,9
29,1,5,8,3,5283,24,0,1,6
29,2,4,10,3,1652,24,0,1,8
29,3,8,4,3,6734,24,0,1,7
29,4,3,9,3,1794,24,0,1,9
29,5,2,9,3,1272,24,0,1,8
29,6,1,6,3,2076,24,0,1,4
29,7,9,2,3,2595,24,0,1,8
29,8,6,3,3,3016,24,0,1,3
29,9,7,1,3,6774,24,0,1,3
29,10,10,3,3,2828,24,0,1,3
29,11,5,10,3,2922,24,0,1,9
29,12,4,7,3,3392,24,0,1,3
29,13,8,2,3,5088,24,0,1,7
29,14,3,7,3,6258,24,0,1,3
29,15,2,6,3,3060,24,0,1,4
29,16,1,8,3,2121,24,0,1,4
29,17,9,5,3,2354,24,0,1,7
29,18,6,1,3,2073,24,0,1,4
29,19,7,4,3,1936,24,0,1,6
29,20,10,5,3,2264,24,0,1,7
30,1,4,7,3,6373,18,0,0,1
30,2,5,8,3,2081,18,0,0,4
30,3,3,9,3,1701,18,0,0,3
30,4,7,4,3,2220,18,0,0,3
30,5,8,4,3,2096,18,0,0,6
30,6,10,3,3,2737,18,0,0,2
30,7,9,5,3,2784,18,0,0,4
30,8,1,8,3,3490,18,0,0,3
30,9,2,6,3,1606,18,0,0,6
30,10,6,1,3,2027,18,0,0,4
30,11,4,10,3,4808,18,0,0,4
30,12,5,10,3,2172,18,0,0,4
30,13,3,7,3,4897,18,0,0,1
30,14,7,1,3,2074,18,0,0,4
30,15,8,2,3,3347,18,0,0,9
30,16,10,5,3,2407,18,0,0,4
30,17,9,2,3,1561,18,0,0,8
30,18,1,6,3,1418,18,0,0,5
30,19,2,9,3,1230,18,0,0,4
30,20,6,3,3,3064,18,0,0,1
31,1,5,8,3,7818,20,0,0,2
31,2,3,7,3,3063,20,0,0,4
31,3,6,3,3,2264,20,0,0,4
31,4,4,10,3,3062,20,0,0,3
31,5,9,5,3,3253,20,0,0,6
31,6,1,8,3,3203,20,0,0,4
31,7,8,2,3,2825,20,0,0,2
31,8,7,1,3,1648,20,0,0,7
31,9,2,9,3,2922,20,0,0,3
31,10,10,3,3,4144,20,0,0,3
31,11,5,10,3,4473,20,0,0,4
31,12,3,9,3,2545,20,0,0,4
31,13,6,1,3,3913,20,0,0,5
31,14,4,7,3,4990,20,0,0,2
31,15,9,2,3,1980,20,0,0,4
31,16,1,6,3,2542,20,0,0,4
31,17,8,4,3,1887,20,0,0,2
31,18,7,4,3,2922,20,0,0,3
31,19,2,6,3,2496,20,0,0,3
31,20,10,5,3,2031,20,0,0,4
32,1,6,3,3,3350,14,0,0,3
32,2,1,6,3,2496,14,0,0,8
32,3,7,4,3,2123,14,0,0,8
32,4,3,7,3,1983,14,0,0,2
32,5,8,2,3,2925,14,0,0,2
32,6,5,10,3,2926,14,0,0,7
32,7,2,9,3,1795,14,0,0,8
32,8,10,5,3,3254,14,0,0,8
32,9,4,7,3,6921,14,0,0,2
32,10,9,2,3,1938,14,0,0,8
32,11,6,1,3,2352,14,0,0,5
32,12,1,8,3,1934,14,0,0,7
32,13,7,1,3,2121,14,0,0,4
32,14,3,9,3,1982,14,0,0,8
32,15,8,4,3,1889,14,0,0,8
32,16,5,8,3,3203,14,0,0,8
32,17,2,6,3,1886,14,0,0,9
32,18,10,3,3,5291,14,0,0,7
32,19,4,10,3,2260,14,0,0,8
32,20,9,5,3,2596,14,0,0,6
33,1,6,3,3,6343,23,0,1,4
33,2,9,2,3,2071,23,0,1,5
33,3,4,7,3,2791,23,0,1,4
33,4,1,8,3,2358,23,0,1,5
33,5,10,3,3,1443,23,0,1,4
33,6,2,9,3,2069,23,0,1,8
33,7,5,8,3,2022,23,0,1,5
33,8,8,2,3,1927,23,0,1,5
33,9,7,4,3,1830,23,0,1,5
33,10,3,9,3,1855,23,0,1,8
33,11,6,1,3,2116,23,0,1,7
33,12,9,5,3,1587,23,0,1,6
33,13,4,10,3,2730,23,0,1,6
33,14,1,6,3,2059,23,0,1,6
33,15,10,5,3,1722,23,0,1,5
33,16,2,6,3,3080,23,0,1,5
33,17,5,10,3,1445,23,0,1,5
33,18,8,4,3,1444,23,0,1,6
33,19,7,1,3,1967,23,0,1,8
33,20,3,7,3,1495,23,0,1,5
34,1,9,2,3,2589,25,1,1,9
34,2,8,4,3,2352,25,1,1,5
34,3,2,9,3,2581,25,1,1,7
34,4,3,7,3,2121,25,1,1,3
34,5,10,3,3,2257,25,1,1,3
34,6,1,6,3,2584,25,1,1,10
34,7,7,1,3,1883,25,1,1,8
34,8,5,10,3,2486,25,1,1,10
34,9,6,3,3,3373,25,1,1,4
34,10,4,10,3,5736,25,1,1,10
34,11,9,5,3,3602,25,1,1,6
34,12,8,2,3,2954,25,1,1,10
34,13,2,6,3,2355,25,1,1,8
34,14,3,9,3,2628,25,1,1,6
34,15,10,5,3,2678,25,1,1,8
34,16,1,8,3,3139,25,1,1,10
34,17,7,4,3,2952,25,1,1,6
34,18,5,8,3,3595,25,1,1,10
34,19,6,1,3,2721,25,1,1,7
34,20,4,7,3,2078,25,1,1,3
35,1,1,8,3,2734,19,0,0,4
35,2,9,2,3,1985,19,0,0,7
35,3,7,4,3,2164,19,0,0,2
35,4,3,7,3,1889,19,0,0,10
35,5,5,10,3,2122,19,0,0,7
35,6,8,2,3,1571,19,0,0,6
35,7,6,3,3,1665,19,0,0,3
35,8,4,7,3,1938,19,0,0,10
35,9,2,9,3,1753,19,0,0,3
35,10,10,3,3,2257,19,0,0,2
35,11,1,6,3,1756,19,0,0,8
35,12,9,5,3,2360,19,0,0,10
35,13,7,1,3,2214,19,0,0,7
35,14,3,9,3,1754,19,0,0,3
35,15,5,8,3,2996,19,0,0,7
35,16,8,4,3,1757,19,0,0,3
35,17,6,1,3,2907,19,0,0,5
35,18,4,10,3,3505,19,0,0,6
35,19,2,6,3,2350,19,0,0,8
35,20,10,5,3,2216,19,0,0,9
36,1,10,5,3,5214,25,1,1,7
36,2,3,7,3,1988,25,1,1,7
36,3,9,5,3,1709,25,1,1,7
36,4,1,6,3,2493,25,1,1,5
36,5,7,1,3,1798,25,1,1,7
36,6,8,2,3,2081,25,1,1,4
36,7,5,10,3,3088,25,1,1,2
36,8,6,1,3,3276,25,1,1,6
36,9,2,9,3,3180,25,1,1,6
36,10,4,10,3,1756,25,1,1,2
36,11,10,3,3,2678,25,1,1,1
36,12,3,9,3,2080,25,1,1,6
36,13,9,2,3,3365,25,1,1,5
36,14,1,8,3,4099,25,1,1,3
36,15,7,4,3,2120,25,1,1,2
36,16,8,4,3,2312,25,1,1,2
36,17,5,8,3,3272,25,1,1,4
36,18,6,3,3,4153,25,1,1,0
36,19,2,6,3,3691,25,1,1,6
36,20,4,7,3,2173,25,1,1,6
37,1,7,1,3,7465,28,1,1,5
37,2,9,2,3,4194,28,1,1,3
37,3,4,10,3,4883,28,1,1,8
37,4,10,5,3,4382,28,1,1,8
37,5,3,7,3,2214,28,1,1,10
37,6,5,8,3,4427,28,1,1,3
37,7,1,8,3,2449,28,1,1,6
37,8,2,6,3,6912,28,1,1,2
37,9,8,4,3,4061,28,1,1,8
37,10,6,3,3,3597,28,1,1,7
37,11,7,4,3,7193,28,1,1,3
37,12,9,5,3,3919,28,1,1,8
37,13,4,7,3,4424,28,1,1,9
37,14,10,3,3,6911,28,1,1,7
37,15,3,9,3,3688,28,1,1,8
37,16,5,10,3,3688,28,1,1,7
37,17,1,6,3,3551,28,1,1,2
37,18,2,9,3,3550,28,1,1,3
37,19,8,2,3,4472,28,1,1,2
37,20,6,1,3,6215,28,1,1,7
38,1,6,3,3,3318,30,1,1,6
38,2,5,8,3,2123,30,1,1,4
38,3,1,8,3,2264,30,1,1,4
38,4,3,7,3,2355,30,1,1,9
38,5,7,4,3,1807,30,1,1,6
38,6,9,5,3,2865,30,1,1,5
38,7,8,4,3,2716,30,1,1,6
38,8,2,6,3,1597,30,1,1,4
38,9,4,7,3,3147,30,1,1,9
38,10,10,3,3,2736,30,1,1,5
38,11,6,1,3,2178,30,1,1,6
38,12,5,10,3,3024,30,1,1,4
38,13,1,6,3,1732,30,1,1,5
38,14,3,9,3,2196,30,1,1,4
38,15,7,1,3,1955,30,1,1,6
38,16,9,2,3,1680,30,1,1,4
38,17,8,2,3,1961,30,1,1,4
38,18,2,9,3,2046,30,1,1,4
38,19,4,10,3,2501,30,1,1,5
38,20,10,5,3,2990,30,1,1,4
39,1,2,9,3,3532,19,0,0,6
39,2,1,8,3,3502,19,0,0,5
39,3,9,5,3,2979,19,0,0,7
39,4,8,2,3,2937,19,0,0,7
39,5,3,7,3,3126,19,0,0,7
39,6,5,8,3,3006,19,0,0,6
39,7,4,7,3,2403,19,0,0,6
39,8,6,3,3,1543,19,0,0,3
39,9,10,5,3,2262,19,0,0,7
39,10,7,1,3,1395,19,0,0,6
39,11,2,6,3,2152,19,0,0,6
39,12,1,6,3,1604,19,0,0,7
39,13,9,2,3,1566,19,0,0,6
39,14,8,4,3,2022,19,0,0,5
39,15,3,9,3,1507,19,0,0,6
39,16,5,10,3,2081,19,0,0,7
39,17,4,10,3,1427,19,0,0,6
39,18,6,1,3,3263,19,0,0,6
39,19,10,3,3,1931,19,0,0,3
39,20,7,4,3,2454,19,0,0,4
40,1,8,4,3,6978,30,1,1,4
40,2,3,7,3,5103,30,1,1,7
40,3,7,4,3,4286,30,1,1,6
40,4,1,6,3,3587,30,1,1,9
40,5,5,10,3,4956,30,1,1,3
40,6,9,2,3,5917,30,1,1,5
40,7,6,3,3,6681,30,1,1,3
40,8,4,10,3,6152,30,1,1,2
40,9,10,3,3,3857,30,1,1,4
40,10,2,6,3,3155,30,1,1,4
40,11,8,2,3,3437,30,1,1,3
40,12,3,9,3,3249,30,1,1,4
40,13,7,1,3,3296,30,1,1,10
40,14,1,8,3,2544,30,1,1,6
40,15,5,8,3,4144,30,1,1,3
40,16,9,5,3,6071,30,1,1,4
40,17,6,1,3,2550,30,1,1,8
40,18,4,7,3,3110,30,1,1,5
40,19,10,5,3,3908,30,1,1,3
40,20,2,9,3,4237,30,1,1,5
41,1,6,1,3,4125,23,0,1,3
41,2,10,5,3,1886,23,0,1,5
41,3,5,8,3,1600,23,0,1,3
41,4,2,9,3,2429,23,0,1,3
41,5,4,10,3,1986,23,0,1,9
41,6,1,8,3,1787,23,0,1,3
41,7,9,2,3,1553,23,0,1,4
41,8,3,7,3,1836,23,0,1,7
41,9,7,1,3,2915,23,0,1,3
41,10,8,4,3,1835,23,0,1,6
41,11,6,3,3,2751,23,0,1,6
41,12,10,3,3,1931,23,0,1,6
41,13,5,10,3,7098,23,0,1,9
41,14,2,6,3,2068,23,0,1,8
41,15,4,7,3,2358,23,0,1,7
41,16,1,6,3,2213,23,0,1,7
41,17,9,5,3,2077,23,0,1,5
41,18,3,9,3,4705,23,0,1,4
41,19,7,4,3,3943,23,0,1,6
41,20,8,2,3,2171,23,0,1,4
42,1,2,6,3,4612,28,1,1,6
42,2,9,5,3,2771,28,1,1,7
42,3,7,4,3,2721,28,1,1,0
42,4,3,7,3,4288,28,1,1,7
42,5,8,2,3,3228,28,1,1,7
42,6,6,1,3,2861,28,1,1,9
42,7,10,5,3,1484,28,1,1,7
42,8,4,10,3,5672,28,1,1,8
42,9,1,8,3,2813,28,1,1,2
42,10,5,8,3,2445,28,1,1,3
42,11,2,9,3,2170,28,1,1,3
42,12,9,2,3,1715,28,1,1,7
42,13,7,1,3,2541,28,1,1,8
42,14,3,9,3,2817,28,1,1,3
42,15,8,4,3,1757,28,1,1,1
42,16,6,3,3,4102,28,1,1,5
42,17,10,3,3,1479,28,1,1,5
42,18,4,7,3,2539,28,1,1,7
42,19,1,6,3,2123,28,1,1,6
42,20,5,10,3,1666,28,1,1,6
1,1,5,3,4,3963,21,0,0,3
1,2,4,7,4,2828,21,0,0,6
1,3,10,5,4,3575,21,0,0,6
1,4,8,9,4,2589,21,0,0,7
1,5,2,6,4,2495,21,0,0,7
1,6,7,4,4,2441,21,0,0,7
1,7,6,3,4,1981,21,0,0,4
1,8,9,10,4,1971,21,0,0,6
1,9,3,2,4,2358,21,0,0,1
1,10,1,6,4,2170,21,0,0,7
1,11,5,8,4,2215,21,0,0,6
1,12,4,2,4,2225,21,0,0,2
1,13,10,10,4,2309,21,0,0,5
1,14,8,4,4,1286,21,0,0,4
1,15,2,1,4,1303,21,0,0,6
1,16,7,9,4,3654,21,0,0,7
1,17,6,8,4,2405,21,0,0,4
1,18,9,5,4,2939,21,0,0,6
1,19,3,7,4,3412,21,0,0,7
1,20,1,1,4,3077,21,0,0,8
2,1,2,6,4,5648,12,0,0,7
2,2,1,6,4,1423,12,0,0,6
2,3,8,4,4,1887,12,0,0,6
2,4,7,4,4,2308,12,0,0,6
2,5,6,3,4,4291,12,0,0,3
2,6,9,10,4,2874,12,0,0,6
2,7,3,7,4,1889,12,0,0,3
2,8,5,8,4,3440,12,0,0,2
2,9,10,5,4,2077,12,0,0,6
2,10,4,2,4,3396,12,0,0,2
2,11,2,1,4,2751,12,0,0,6
2,12,1,1,4,2499,12,0,0,6
2,13,8,9,4,3156,12,0,0,3
2,14,7,9,4,3912,12,0,0,3
2,15,6,8,4,2832,12,0,0,3
2,16,9,5,4,2028,12,0,0,6
2,17,3,2,4,1890,12,0,0,3
2,18,5,3,4,3414,12,0,0,3
2,19,10,10,4,4896,12,0,0,7
2,20,4,7,4,2265,12,0,0,3
3,1,4,7,4,5022,24,1,1,8
3,2,1,1,4,2838,24,1,1,4
3,3,5,3,4,2580,24,1,1,5
3,4,9,10,4,3263,24,1,1,4
3,5,10,10,4,2697,24,1,1,2
3,6,6,3,4,2557,24,1,1,6
3,7,2,1,4,2648,24,1,1,5
3,8,3,2,4,2695,24,1,1,5
3,9,7,9,4,2228,24,1,1,5
3,10,8,9,4,2464,24,1,1,4
3,11,4,2,4,2431,24,1,1,5
3,12,1,6,4,2708,24,1,1,8
3,13,5,8,4,2132,24,1,1,2
3,14,9,5,4,1935,24,1,1,6
3,15,10,5,4,2003,24,1,1,7
3,16,6,8,4,2466,24,1,1,4
3,17,2,6,4,1993,24,1,1,6
3,18,3,7,4,2132,24,1,1,9
3,19,7,4,4,3444,24,1,1,7
3,20,8,4,4,2224,24,1,1,8
4,1,7,9,4,4761,29,1,1,7
4,2,2,6,4,1515,29,1,1,10
4,3,1,6,4,4055,29,1,1,10
4,4,9,5,4,6660,29,1,1,8
4,5,3,2,4,1986,29,1,1,2
4,6,4,2,4,1604,29,1,1,4
4,7,8,9,4,1467,29,1,1,9
4,8,6,3,4,2219,29,1,1,1
4,9,10,10,4,2698,29,1,1,8
4,10,5,3,4,2644,29,1,1,1
4,11,7,4,4,1468,29,1,1,4
4,12,2,1,4,1802,29,1,1,8
4,13,1,1,4,2652,29,1,1,8
4,14,9,10,4,3733,29,1,1,7
4,15,3,7,4,4017,29,1,1,2
4,16,4,7,4,2657,29,1,1,1
4,17,8,4,4,4680,29,1,1,1
4,18,6,8,4,2225,29,1,1,7
4,19,10,5,4,3821,29,1,1,8
4,20,5,8,4,2314,29,1,1,8
5,1,1,6,4,1191,22,0,0,6
5,2,5,3,4,1559,22,0,0,6
5,3,4,7,4,3160,22,0,0,5
5,4,7,9,4,2173,22,0,0,9
5,5,3,7,4,5792,22,0,0,7
5,6,10,5,4,2358,22,0,0,6
5,7,9,10,4,1837,22,0,0,7
5,8,8,4,4,2408,22,0,0,5
5,9,6,3,4,2646,22,0,0,5
5,10,2,1,4,2598,22,0,0,9
5,11,1,1,4,3020,22,0,0,9
5,12,5,8,4,2930,22,0,0,6
5,13,4,2,4,3022,22,0,0,2
5,14,7,4,4,1463,22,0,0,4
5,15,3,2,4,2217,22,0,0,2
5,16,10,10,4,1650,22,0,0,6
5,17,9,5,4,2074,22,0,0,6
5,18,8,9,4,2027,22,0,0,9
5,19,6,8,4,2310,22,0,0,6
5,20,2,6,4,1746,22,0,0,6
6,1,6,3,4,2369,29,1,1,3
6,2,3,2,4,2925,29,1,1,8
6,3,10,10,4,3070,29,1,1,6
6,4,5,3,4,1981,29,1,1,5
6,5,9,10,4,2788,29,1,1,9
6,6,1,6,4,2314,29,1,1,8
6,7,4,2,4,2876,29,1,1,6
6,8,2,1,4,3069,29,1,1,4
6,9,8,9,4,3491,29,1,1,3
6,10,7,9,4,2402,29,1,1,6
6,11,6,8,4,2931,29,1,1,5
6,12,3,7,4,2645,29,1,1,9
6,13,10,5,4,1889,29,1,1,5
6,14,5,8,4,2639,29,1,1,5
6,15,9,5,4,2734,29,1,1,6
6,16,1,1,4,2737,29,1,1,6
6,17,4,7,4,3915,29,1,1,9
6,18,2,6,4,4383,29,1,1,9
6,19,8,4,4,3350,29,1,1,8
6,20,7,4,4,2691,29,1,1,10
7,1,9,10,4,2316,22,0,0,7
7,2,6,3,4,1650,22,0,0,4
7,3,10,5,4,3439,22,0,0,7
7,4,1,1,4,4903,22,0,0,8
7,5,8,4,4,10373,22,0,0,8
7,6,5,8,4,2308,22,0,0,4
7,7,7,4,4,2167,22,0,0,8
7,8,2,6,4,2696,22,0,0,7
7,9,3,7,4,4900,22,0,0,7
7,10,4,7,4,2358,22,0,0,7
7,11,9,5,4,5932,22,0,0,6
7,12,6,8,4,4668,22,0,0,4
7,13,10,10,4,3072,22,0,0,6
7,14,1,6,4,3978,22,0,0,7
7,15,8,9,4,4633,22,0,0,4
7,16,5,3,4,5597,22,0,0,4
7,17,7,9,4,3536,22,0,0,3
7,18,2,1,4,4227,22,0,0,7
7,19,3,2,4,1838,22,0,0,4
7,20,4,2,4,1788,22,0,0,3
8,1,4,2,4,5844,27,1,1,9
8,2,10,5,4,1654,27,1,1,2
8,3,7,9,4,2458,27,1,1,10
8,4,3,7,4,1767,27,1,1,10
8,5,8,4,4,1701,27,1,1,2
8,6,5,3,4,2502,27,1,1,2
8,7,6,8,4,1555,27,1,1,2
8,8,1,6,4,2406,27,1,1,1
8,9,2,1,4,1788,27,1,1,4
8,10,9,10,4,2547,27,1,1,9
8,11,4,7,4,1794,27,1,1,9
8,12,10,10,4,1843,27,1,1,9
8,13,7,4,4,2030,27,1,1,6
8,14,3,2,4,1607,27,1,1,9
8,15,8,9,4,2497,27,1,1,9
8,16,5,8,4,1982,27,1,1,7
8,17,6,3,4,2029,27,1,1,2
8,18,1,1,4,3816,27,1,1,3
8,19,2,6,4,1980,27,1,1,6
8,20,9,5,4,2452,27,1,1,7
9,1,6,3,4,1339,23,0,1,7
9,2,4,2,4,1204,23,0,1,8
9,3,8,4,4,2322,23,0,1,5
9,4,7,9,4,1533,23,0,1,4
9,5,10,5,4,1156,23,0,1,7
9,6,2,6,4,1927,23,0,1,5
9,7,9,10,4,2020,23,0,1,4
9,8,3,7,4,1497,23,0,1,8
9,9,5,3,4,1416,23,0,1,8
9,10,1,6,4,1087,23,0,1,5
9,11,6,8,4,1044,23,0,1,5
9,12,4,7,4,1888,23,0,1,8
9,13,8,9,4,2266,23,0,1,4
9,14,7,4,4,1746,23,0,1,5
9,15,10,10,4,1420,23,0,1,4
9,16,2,1,4,1792,23,0,1,4
9,17,9,5,4,1276,23,0,1,7
9,18,3,2,4,1468,23,0,1,8
9,19,5,8,4,1845,23,0,1,5
9,20,1,1,4,2505,23,0,1,5
10,1,8,9,4,3800,24,1,1,6
10,2,9,5,4,3149,24,1,1,7
10,3,3,7,4,1932,24,1,1,5
10,4,1,1,4,2653,24,1,1,6
10,5,7,4,4,1400,24,1,1,6
10,6,2,1,4,1830,24,1,1,6
10,7,4,7,4,2518,24,1,1,4
10,8,5,8,4,1926,24,1,1,5
10,9,10,10,4,1881,24,1,1,4
10,10,6,3,4,1781,24,1,1,3
10,11,8,4,4,5628,24,1,1,6
10,12,9,10,4,2882,24,1,1,5
10,13,3,2,4,2796,24,1,1,3
10,14,1,6,4,4421,24,1,1,5
10,15,7,9,4,1537,24,1,1,6
10,16,2,6,4,4563,24,1,1,6
10,17,4,2,4,1689,24,1,1,4
10,18,5,3,4,2286,24,1,1,3
10,19,10,5,4,4420,24,1,1,6
10,20,6,8,4,3176,24,1,1,7
11,1,5,8,4,3910,30,1,1,2
11,2,1,1,4,3017,30,1,1,9
11,3,8,9,4,2449,30,1,1,9
11,4,4,7,4,2646,30,1,1,9
11,5,3,7,4,2449,30,1,1,9
11,6,2,1,4,3019,30,1,1,10
11,7,6,3,4,1835,30,1,1,6
11,8,7,9,4,3065,30,1,1,9
11,9,10,5,4,2502,30,1,1,9
11,10,9,5,4,2552,30,1,1,9
11,11,5,3,4,2924,30,1,1,6
11,12,1,6,4,2602,30,1,1,7
11,13,8,4,4,2305,30,1,1,6
11,14,4,2,4,2735,30,1,1,8
11,15,3,2,4,2869,30,1,1,8
11,16,2,6,4,2400,30,1,1,7
11,17,6,8,4,3390,30,1,1,6
11,18,7,4,4,2264,30,1,1,6
11,19,10,10,4,2934,30,1,1,2
11,20,9,10,4,2075,30,1,1,2
12,1,1,6,4,3778,21,0,0,5
12,2,6,8,4,2030,21,0,0,7
12,3,2,1,4,2032,21,0,0,4
12,4,4,7,4,1513,21,0,0,2
12,5,9,5,4,1766,21,0,0,3
12,6,5,8,4,3154,21,0,0,6
12,7,7,4,4,4574,21,0,0,7
12,8,8,4,4,4060,21,0,0,4
12,9,10,10,4,3832,21,0,0,4
12,10,3,2,4,1747,21,0,0,2
12,11,1,1,4,2937,21,0,0,4
12,12,6,3,4,2077,21,0,0,3
12,13,2,6,4,2222,21,0,0,4
12,14,4,2,4,1938,21,0,0,2
12,15,9,10,4,2362,21,0,0,5
12,16,5,3,4,2317,21,0,0,3
12,17,7,9,4,3916,21,0,0,4
12,18,8,9,4,1648,21,0,0,3
12,19,10,5,4,2645,21,0,0,4
12,20,3,7,4,1468,21,0,0,2
13,1,10,5,4,4122,22,0,0,4
13,2,8,4,4,2648,22,0,0,6
13,3,9,5,4,3286,22,0,0,6
13,4,7,4,4,3825,22,0,0,10
13,5,6,3,4,3627,22,0,0,3
13,6,4,7,4,4266,22,0,0,1
13,7,1,6,4,2147,22,0,0,4
13,8,3,7,4,2892,22,0,0,2
13,9,2,6,4,3038,22,0,0,4
13,10,5,8,4,3701,22,0,0,4
13,11,10,10,4,1828,22,0,0,4
13,12,8,9,4,4177,22,0,0,6
13,13,9,10,4,4920,22,0,0,7
13,14,7,9,4,2065,22,0,0,8
13,15,6,8,4,2736,22,0,0,7
13,16,4,2,4,2843,22,0,0,3
13,17,1,1,4,3180,22,0,0,10
13,18,3,2,4,2753,22,0,0,2
13,19,2,1,4,2546,22,0,0,8
13,20,5,3,4,2800,22,0,0,3
14,1,6,3,4,1878,33,1,1,9
14,2,4,7,4,1825,33,1,1,10
14,3,10,10,4,2257,33,1,1,8
14,4,2,6,4,2496,33,1,1,8
14,5,3,2,4,3697,33,1,1,8
14,6,9,10,4,1537,33,1,1,8
14,7,5,3,4,1489,33,1,1,9
14,8,1,1,4,1729,33,1,1,8
14,9,8,4,4,2352,33,1,1,7
14,10,7,9,4,2016,33,1,1,6
14,11,6,8,4,1969,33,1,1,6
14,12,4,2,4,1776,33,1,1,8
14,13,10,5,4,2305,33,1,1,9
14,14,2,1,4,1872,33,1,1,8
14,15,3,7,4,1537,33,1,1,10
14,16,9,5,4,1682,33,1,1,9
14,17,5,8,4,1248,33,1,1,6
14,18,1,6,4,1968,33,1,1,8
14,19,8,9,4,1872,33,1,1,6
14,20,7,4,4,1248,33,1,1,6
15,1,2,1,4,5202,22,0,0,8
15,2,9,10,4,2834,22,0,0,4
15,3,3,7,4,2832,22,0,0,2
15,4,6,8,4,1824,22,0,0,3
15,5,4,2,4,1628,22,0,0,3
15,6,10,10,4,2352,22,0,0,4
15,7,5,3,4,2496,22,0,0,1
15,8,8,4,4,2063,22,0,0,6
15,9,7,9,4,1680,22,0,0,5
15,10,1,1,4,1775,22,0,0,8
15,11,2,6,4,2256,22,0,0,5
15,12,9,5,4,2540,22,0,0,2
15,13,3,2,4,1631,22,0,0,3
15,14,6,3,4,2064,22,0,0,1
15,15,4,7,4,2688,22,0,0,1
15,16,10,5,4,2544,22,0,0,2
15,17,5,8,4,2112,22,0,0,4
15,18,8,9,4,1631,22,0,0,5
15,19,7,4,4,2063,22,0,0,7
15,20,1,6,4,1390,22,0,0,5
16,1,10,5,4,5764,33,1,1,6
16,2,3,7,4,2499,33,1,1,8
16,3,9,10,4,2636,33,1,1,5
16,4,2,1,4,2278,33,1,1,7
16,5,8,4,4,2391,33,1,1,2
16,6,6,3,4,2739,33,1,1,2
16,7,4,2,4,2593,33,1,1,10
16,8,1,6,4,6556,33,1,1,5
16,9,5,8,4,2687,33,1,1,5
16,10,7,9,4,2165,33,1,1,5
16,11,10,10,4,1746,33,1,1,5
16,12,3,2,4,1923,33,1,1,10
16,13,9,5,4,2355,33,1,1,7
16,14,2,6,4,3450,33,1,1,5
16,15,8,9,4,2112,33,1,1,5
16,16,6,8,4,2119,33,1,1,5
16,17,4,7,4,2887,33,1,1,8
16,18,1,1,4,2310,33,1,1,7
16,19,5,3,4,5188,33,1,1,3
16,20,7,4,4,3857,33,1,1,2
17,1,6,8,4,1514,26,1,1,4
17,2,10,10,4,3013,26,1,1,2
17,3,4,2,4,2168,26,1,1,7
17,4,2,6,4,1744,26,1,1,4
17,5,1,1,4,1607,26,1,1,7
17,6,3,7,4,1794,26,1,1,10
17,7,7,4,4,1839,26,1,1,4
17,8,5,3,4,2989,26,1,1,6
17,9,8,4,4,1606,26,1,1,4
17,10,9,10,4,3015,26,1,1,2
17,11,6,3,4,2734,26,1,1,7
17,12,10,5,4,4423,26,1,1,7
17,13,4,7,4,1368,26,1,1,10
17,14,2,1,4,3108,26,1,1,7
17,15,1,6,4,2357,26,1,1,4
17,16,3,2,4,1322,26,1,1,7
17,17,7,9,4,3485,26,1,1,8
17,18,5,8,4,1419,26,1,1,4
17,19,8,9,4,2783,26,1,1,7
17,20,9,5,4,3999,26,1,1,7
18,1,7,4,4,1755,16,0,0,7
18,2,4,2,4,2029,16,0,0,2
18,3,8,9,4,2918,16,0,0,9
18,4,9,10,4,3106,16,0,0,7
18,5,3,2,4,1887,16,0,0,2
18,6,6,3,4,2171,16,0,0,2
18,7,2,6,4,2169,16,0,0,8
18,8,5,8,4,2360,16,0,0,5
18,9,1,6,4,3303,16,0,0,9
18,10,10,5,4,1892,16,0,0,8
18,11,7,9,4,3065,16,0,0,9
18,12,4,7,4,1936,16,0,0,2
18,13,8,4,4,2169,16,0,0,4
18,14,9,5,4,2216,16,0,0,8
18,15,3,7,4,1695,16,0,0,2
18,16,6,8,4,1557,16,0,0,5
18,17,2,1,4,3347,16,0,0,9
18,18,5,3,4,2064,16,0,0,2
18,19,1,1,4,2859,16,0,0,9
18,20,10,10,4,2592,16,0,0,5
19,1,3,2,4,2941,22,0,0,6
19,2,10,5,4,1975,22,0,0,4
19,3,6,8,4,1831,22,0,0,7
19,4,4,7,4,1733,22,0,0,10
19,5,5,8,4,1493,22,0,0,5
19,6,7,9,4,1159,22,0,0,6
19,7,8,4,4,1682,22,0,0,3
19,8,9,5,4,1347,22,0,0,6
19,9,2,1,4,1350,22,0,0,6
19,10,1,6,4,1041,22,0,0,6
19,11,3,7,4,1736,22,0,0,10
19,12,10,10,4,1152,22,0,0,6
19,13,6,3,4,1330,22,0,0,5
19,14,4,2,4,1252,22,0,0,6
19,15,5,3,4,1448,22,0,0,2
19,16,7,4,4,1109,22,0,0,6
19,17,8,9,4,810,22,0,0,5
19,18,9,10,4,1676,22,0,0,3
19,19,2,6,4,1057,22,0,0,6
19,20,1,1,4,1200,22,0,0,6
20,1,5,3,4,1718,30,1,1,0
20,2,9,10,4,1134,30,1,1,2
20,3,6,3,4,1463,30,1,1,3
20,4,2,6,4,1744,30,1,1,3
20,5,4,7,4,2600,30,1,1,8
20,6,3,7,4,2123,30,1,1,7
20,7,8,4,4,2216,30,1,1,0
20,8,10,5,4,2594,30,1,1,5
20,9,1,6,4,1227,30,1,1,5
20,10,7,4,4,1564,30,1,1,4
20,11,5,8,4,3303,30,1,1,5
20,12,9,5,4,4899,30,1,1,5
20,13,6,8,4,3061,30,1,1,3
20,14,2,1,4,1089,30,1,1,5
20,15,4,2,4,1560,30,1,1,5
20,16,3,2,4,850,30,1,1,5
20,17,8,9,4,1230,30,1,1,5
20,18,10,10,4,901,30,1,1,5
20,19,1,1,4,1749,30,1,1,5
20,20,7,9,4,2030,30,1,1,5
21,1,8,9,4,6506,27,1,1,8
21,2,6,8,4,3561,27,1,1,3
21,3,4,2,4,3240,27,1,1,6
21,4,2,6,4,1852,27,1,1,9
21,5,1,1,4,3017,27,1,1,2
21,6,10,10,4,3820,27,1,1,3
21,7,5,3,4,2575,27,1,1,3
21,8,9,10,4,2479,27,1,1,6
21,9,3,2,4,2659,27,1,1,6
21,10,7,4,4,4483,27,1,1,4
21,11,8,4,4,4339,27,1,1,7
21,12,6,3,4,5170,27,1,1,6
21,13,4,7,4,4018,27,1,1,6
21,14,2,1,4,2071,27,1,1,2
21,15,1,6,4,2415,27,1,1,8
21,16,10,5,4,2217,27,1,1,2
21,17,5,8,4,6262,27,1,1,2
21,18,9,5,4,2156,27,1,1,2
21,19,3,7,4,4718,27,1,1,6
21,20,7,9,4,2956,27,1,1,8
22,1,5,3,4,4172,16,0,0,3
22,2,2,6,4,4945,16,0,0,5
22,3,4,2,4,2399,16,0,0,3
22,4,7,9,4,2352,16,0,0,5
22,5,8,9,4,2497,16,0,0,5
22,6,9,5,4,2833,16,0,0,5
22,7,6,8,4,2544,16,0,0,4
22,8,10,10,4,3457,16,0,0,6
22,9,1,1,4,2977,16,0,0,7
22,10,3,2,4,3073,16,0,0,2
22,11,5,8,4,3169,16,0,0,3
22,12,2,1,4,2400,16,0,0,5
22,13,4,7,4,2401,16,0,0,3
22,14,7,4,4,3410,16,0,0,5
22,15,8,4,4,2209,16,0,0,4
22,16,9,10,4,3025,16,0,0,6
22,17,6,3,4,2208,16,0,0,3
22,18,10,5,4,2496,16,0,0,5
22,19,1,6,4,4176,16,0,0,4
22,20,3,7,4,3602,16,0,0,4
23,1,9,10,4,5701,24,0,1,3
23,2,3,7,4,2734,24,0,1,0
23,3,2,6,4,2638,24,0,1,9
23,4,1,1,4,4092,24,0,1,4
23,5,5,8,4,2401,24,0,1,6
23,6,8,4,4,2921,24,0,1,8
23,7,4,2,4,2544,24,0,1,4
23,8,10,5,4,3107,24,0,1,4
23,9,7,9,4,3016,24,0,1,7
23,10,6,3,4,2355,24,0,1,2
23,11,9,5,4,3673,24,0,1,4
23,12,3,2,4,2451,24,0,1,3
23,13,2,1,4,1840,24,0,1,4
23,14,1,6,4,8796,24,0,1,6
23,15,5,3,4,2407,24,0,1,2
23,16,8,9,4,3151,24,0,1,8
23,17,4,7,4,3295,24,0,1,1
23,18,10,10,4,4707,24,0,1,6
23,19,7,4,4,4710,24,0,1,7
23,20,6,8,4,4611,24,0,1,3
24,1,1,6,4,4757,28,1,1,7
24,2,3,2,4,3952,28,1,1,3
24,3,9,10,4,3434,28,1,1,4
24,4,4,7,4,2637,28,1,1,8
24,5,7,4,4,2686,28,1,1,6
24,6,2,1,4,3722,28,1,1,10
24,7,6,8,4,2731,28,1,1,8
24,8,8,4,4,3392,28,1,1,7
24,9,5,8,4,2404,28,1,1,8
24,10,10,5,4,2448,28,1,1,10
24,11,1,1,4,3058,28,1,1,10
24,12,3,7,4,2261,28,1,1,8
24,13,9,5,4,1836,28,1,1,10
24,14,4,2,4,2922,28,1,1,3
24,15,7,9,4,4232,28,1,1,8
24,16,2,6,4,5223,28,1,1,7
24,17,6,3,4,3016,28,1,1,4
24,18,8,9,4,2735,28,1,1,7
24,19,5,3,4,2310,28,1,1,4
24,20,10,10,4,2450,28,1,1,6
25,1,10,10,4,2040,27,1,1,6
25,2,5,3,4,3447,27,1,1,0
25,3,1,1,4,2922,27,1,1,3
25,4,4,7,4,3724,27,1,1,2
25,5,7,9,4,3869,27,1,1,3
25,6,6,3,4,5134,27,1,1,1
25,7,8,9,4,3254,27,1,1,2
25,8,3,2,4,2874,27,1,1,9
25,9,2,1,4,2830,27,1,1,3
25,10,9,10,4,5609,27,1,1,6
25,11,10,5,4,4206,27,1,1,7
25,12,5,8,4,2173,27,1,1,4
25,13,1,6,4,2458,27,1,1,7
25,14,4,2,4,3863,27,1,1,9
25,15,7,4,4,2455,27,1,1,2
25,16,6,8,4,2504,27,1,1,3
25,17,8,4,4,4018,27,1,1,1
25,18,3,7,4,2169,27,1,1,3
25,19,2,6,4,2640,27,1,1,6
25,20,9,5,4,2408,27,1,1,8
26,1,6,3,4,4113,28,1,1,2
26,2,3,7,4,5942,28,1,1,5
26,3,4,7,4,1938,28,1,1,5
26,4,8,9,4,3158,28,1,1,7
26,5,2,1,4,3870,28,1,1,9
26,6,10,10,4,2028,28,1,1,3
26,7,7,4,4,3288,28,1,1,8
26,8,1,6,4,4342,28,1,1,3
26,9,9,5,4,3061,28,1,1,7
26,10,5,3,4,3914,28,1,1,3
26,11,6,8,4,3958,28,1,1,5
26,12,3,2,4,2499,28,1,1,4
26,13,4,2,4,3958,28,1,1,4
26,14,8,4,4,3768,28,1,1,7
26,15,2,6,4,2496,28,1,1,7
26,16,10,5,4,3014,28,1,1,6
26,17,7,9,4,2594,28,1,1,6
26,18,1,1,4,4610,28,1,1,8
26,19,9,10,4,2404,28,1,1,3
26,20,5,8,4,2924,28,1,1,7
27,1,2,1,4,4292,26,1,1,2
27,2,7,9,4,2548,26,1,1,9
27,3,4,2,4,1796,26,1,1,9
27,4,8,9,4,1800,26,1,1,9
27,5,6,3,4,2124,26,1,1,0
27,6,10,10,4,3161,26,1,1,9
27,7,1,6,4,2881,26,1,1,3
27,8,9,10,4,1840,26,1,1,9
27,9,3,2,4,2223,26,1,1,9
27,10,5,3,4,1936,26,1,1,0
27,11,2,6,4,2833,26,1,1,2
27,12,7,4,4,2177,26,1,1,0
27,13,4,7,4,6697,26,1,1,2
27,14,8,4,4,2412,26,1,1,0
27,15,6,8,4,9136,26,1,1,8
27,16,10,5,4,4245,26,1,1,2
27,17,1,1,4,3542,26,1,1,1
27,18,9,5,4,4621,26,1,1,1
27,19,3,7,4,3442,26,1,1,1
27,20,5,8,4,2030,26,1,1,9
28,1,4,2,4,3298,22,0,0,1
28,2,7,4,4,3730,22,0,0,7
28,3,10,5,4,2732,22,0,0,6
28,4,6,8,4,2550,22,0,0,1
28,5,5,8,4,2849,22,0,0,2
28,6,8,9,4,2404,22,0,0,7
28,7,2,6,4,3392,22,0,0,7
28,8,9,5,4,1734,22,0,0,7
28,9,1,1,4,2279,22,0,0,5
28,10,3,7,4,2283,22,0,0,2
28,11,4,7,4,4187,22,0,0,1
28,12,7,9,4,4568,22,0,0,9
28,13,10,10,4,4040,22,0,0,4
28,14,6,3,4,2647,22,0,0,1
28,15,5,3,4,2807,22,0,0,1
28,16,8,4,4,3318,22,0,0,5
28,17,2,1,4,2694,22,0,0,9
28,18,9,10,4,2794,22,0,0,4
28,19,1,6,4,4041,22,0,0,6
28,20,3,2,4,2694,22,0,0,1
29,1,8,4,4,6409,24,0,1,6
29,2,3,7,4,3017,24,0,1,4
29,3,4,7,4,2283,24,0,1,4
29,4,2,6,4,2117,24,0,1,5
29,5,10,5,4,1999,24,0,1,7
29,6,5,3,4,2599,24,0,1,3
29,7,6,3,4,7904,24,0,1,3
29,8,7,9,4,1742,24,0,1,8
29,9,1,1,4,3156,24,0,1,6
29,10,9,10,4,2454,24,0,1,10
29,11,8,9,4,2310,24,0,1,9
29,12,3,2,4,2733,24,0,1,8
29,13,4,2,4,8000,24,0,1,8
29,14,2,1,4,2874,24,0,1,5
29,15,10,10,4,3532,24,0,1,9
29,16,5,8,4,3440,24,0,1,4
29,17,6,8,4,1750,24,0,1,4
29,18,7,4,4,3341,24,0,1,6
29,19,1,6,4,3296,24,0,1,5
29,20,9,5,4,1796,24,0,1,6
30,1,5,3,4,7167,18,0,0,2
30,2,10,10,4,2266,18,0,0,2
30,3,6,3,4,2355,18,0,0,3
30,4,2,1,4,2269,18,0,0,2
30,5,9,10,4,2881,18,0,0,5
30,6,3,7,4,3021,18,0,0,1
30,7,7,4,4,2640,18,0,0,4
30,8,8,4,4,3298,18,0,0,2
30,9,1,6,4,3630,18,0,0,3
30,10,4,7,4,2971,18,0,0,1
30,11,5,8,4,4318,18,0,0,3
30,12,10,5,4,3817,18,0,0,3
30,13,6,8,4,4332,18,0,0,3
30,14,2,6,4,3578,18,0,0,3
30,15,9,5,4,2970,18,0,0,3
30,16,3,2,4,3204,18,0,0,8
30,17,7,9,4,2918,18,0,0,2
30,18,8,9,4,3246,18,0,0,2
30,19,1,1,4,3866,18,0,0,4
30,20,4,2,4,5275,18,0,0,8
31,1,5,3,4,3644,20,0,0,3
31,2,9,10,4,2412,20,0,0,4
31,3,7,4,4,3304,20,0,0,2
31,4,2,1,4,4679,20,0,0,6
31,5,6,8,4,1988,20,0,0,3
31,6,3,7,4,1865,20,0,0,4
31,7,4,7,4,3600,20,0,0,4
31,8,1,1,4,2149,20,0,0,6
31,9,8,9,4,2612,20,0,0,4
31,10,10,5,4,2258,20,0,0,4
31,11,5,8,4,2056,20,0,0,2
31,12,9,5,4,4082,20,0,0,5
31,13,7,9,4,3036,20,0,0,4
31,14,2,6,4,4263,20,0,0,4
31,15,6,3,4,3745,20,0,0,3
31,16,3,2,4,1445,20,0,0,4
31,17,4,2,4,2055,20,0,0,2
31,18,1,6,4,1678,20,0,0,3
31,19,8,4,4,3465,20,0,0,2
31,20,10,10,4,3377,20,0,0,3
32,1,2,1,4,5653,14,0,0,4
32,2,5,8,4,3721,14,0,0,4
32,3,3,7,4,2687,14,0,0,4
32,4,8,4,4,3085,14,0,0,7
32,5,6,8,4,3253,14,0,0,4
32,6,4,7,4,3394,14,0,0,3
32,7,9,5,4,2875,14,0,0,7
32,8,7,9,4,2405,14,0,0,4
32,9,1,1,4,3818,14,0,0,4
32,10,10,5,4,2352,14,0,0,6
32,11,2,6,4,2545,14,0,0,8
32,12,5,3,4,3205,14,0,0,3
32,13,3,2,4,3586,14,0,0,3
32,14,8,9,4,3677,14,0,0,6
32,15,6,3,4,4573,14,0,0,4
32,16,4,2,4,3545,14,0,0,4
32,17,9,10,4,2217,14,0,0,6
32,18,7,4,4,2689,14,0,0,8
32,19,1,6,4,3628,14,0,0,8
32,20,10,10,4,3205,14,0,0,7
33,1,7,4,4,4344,23,0,1,6
33,2,4,7,4,3354,23,0,1,4
33,3,5,3,4,1998,23,0,1,3
33,4,6,8,4,1844,23,0,1,5
33,5,2,6,4,2645,23,0,1,6
33,6,3,7,4,1468,23,0,1,4
33,7,1,6,4,2643,23,0,1,6
33,8,9,5,4,1319,23,0,1,7
33,9,10,5,4,2032,23,0,1,6
33,10,8,4,4,1994,23,0,1,6
33,11,7,9,4,1795,23,0,1,8
33,12,4,2,4,1287,23,0,1,5
33,13,5,8,4,1984,23,0,1,6
33,14,6,3,4,2698,23,0,1,4
33,15,2,1,4,2266,23,0,1,5
33,16,3,2,4,1610,23,0,1,5
33,17,1,1,4,2644,23,0,1,8
33,18,9,10,4,1753,23,0,1,7
33,19,10,10,4,2136,23,0,1,6
33,20,8,9,4,2122,23,0,1,9
34,1,4,2,4,2474,25,1,1,10
34,2,5,8,4,2589,25,1,1,8
34,3,2,1,4,2684,25,1,1,6
34,4,10,10,4,2638,25,1,1,10
34,5,9,10,4,2923,25,1,1,10
34,6,3,2,4,3438,25,1,1,10
34,7,6,3,4,2218,25,1,1,2
34,8,8,4,4,2263,25,1,1,5
34,9,7,9,4,2310,25,1,1,5
34,10,1,6,4,3716,25,1,1,9
34,11,4,7,4,2781,25,1,1,1
34,12,5,3,4,2722,25,1,1,2
34,13,2,6,4,3093,25,1,1,10
34,14,10,5,4,2811,25,1,1,8
34,15,9,5,4,2817,25,1,1,6
34,16,3,7,4,3046,25,1,1,1
34,17,6,8,4,2633,25,1,1,8
34,18,8,9,4,3042,25,1,1,6
34,19,7,4,4,2995,25,1,1,3
34,20,1,1,4,4378,25,1,1,6
35,1,6,8,4,2125,19,0,0,4
35,2,7,4,4,2032,19,0,0,2
35,3,1,1,4,2446,19,0,0,6
35,4,8,4,4,2358,19,0,0,3
35,5,5,8,4,5990,19,0,0,6
35,6,2,6,4,4329,19,0,0,9
35,7,10,10,4,3279,19,0,0,7
35,8,3,7,4,2682,19,0,0,10
35,9,9,5,4,2217,19,0,0,8
35,10,4,2,4,2402,19,0,0,7
35,11,6,3,4,1522,19,0,0,3
35,12,7,9,4,3136,19,0,0,6
35,13,1,6,4,1710,19,0,0,9
35,14,8,9,4,1480,19,0,0,7
35,15,5,3,4,2403,19,0,0,3
35,16,2,1,4,2355,19,0,0,4
35,17,10,5,4,2996,19,0,0,7
35,18,3,2,4,1617,19,0,0,6
35,19,9,10,4,1758,19,0,0,7
35,20,4,7,4,2125,19,0,0,10
36,1,9,5,4,3188,25,1,1,6
36,2,10,5,4,2354,25,1,1,6
36,3,4,2,4,2308,25,1,1,6
36,4,6,8,4,4651,25,1,1,4
36,5,5,8,4,2953,25,1,1,3
36,6,3,7,4,2674,25,1,1,5
36,7,8,4,4,2260,25,1,1,2
36,8,7,4,4,2076,25,1,1,2
36,9,2,6,4,2122,25,1,1,6
36,10,1,6,4,3780,25,1,1,6
36,11,9,10,4,2814,25,1,1,2
36,12,10,10,4,1849,25,1,1,2
36,13,4,7,4,3090,25,1,1,6
36,14,6,3,4,2768,25,1,1,0
36,15,5,3,4,3184,25,1,1,0
36,16,3,2,4,2630,25,1,1,6
36,17,8,9,4,2395,25,1,1,6
36,18,7,9,4,2535,25,1,1,6
36,19,2,1,4,4471,25,1,1,8
36,20,1,1,4,4512,25,1,1,7
37,1,4,2,4,3650,28,1,1,3
37,2,2,6,4,3599,28,1,1,4
37,3,9,5,4,2078,28,1,1,7
37,4,7,9,4,3548,28,1,1,6
37,5,5,8,4,3448,28,1,1,3
37,6,6,3,4,3785,28,1,1,6
37,7,10,10,4,4834,28,1,1,7
37,8,8,4,4,3459,28,1,1,8
37,9,3,7,4,4250,28,1,1,8
37,10,1,1,4,4722,28,1,1,2
37,11,4,7,4,4241,28,1,1,9
37,12,2,1,4,3741,28,1,1,7
37,13,9,10,4,3317,28,1,1,6
37,14,7,4,4,3229,28,1,1,8
37,15,5,3,4,3613,28,1,1,7
37,16,6,8,4,3410,28,1,1,3
37,17,10,5,4,5165,28,1,1,3
37,18,8,9,4,5719,28,1,1,7
37,19,3,2,4,2720,28,1,1,3
37,20,1,6,4,2173,28,1,1,4
38,1,7,9,4,2132,30,1,1,4
38,2,8,4,4,2169,30,1,1,5
38,3,9,5,4,2776,30,1,1,5
38,4,1,1,4,2408,30,1,1,7
38,5,6,3,4,2453,30,1,1,6
38,6,3,7,4,2463,30,1,1,8
38,7,4,7,4,4097,30,1,1,8
38,8,2,6,4,3406,30,1,1,6
38,9,5,8,4,2220,30,1,1,6
38,10,10,5,4,2403,30,1,1,6
38,11,7,4,4,4342,30,1,1,6
38,12,8,9,4,4236,30,1,1,4
38,13,9,10,4,2406,30,1,1,4
38,14,1,6,4,2603,30,1,1,6
38,15,6,8,4,2613,30,1,1,5
38,16,3,2,4,3607,30,1,1,4
38,17,4,2,4,2806,30,1,1,4
38,18,2,1,4,2129,30,1,1,6
38,19,5,3,4,3487,30,1,1,5
38,20,10,10,4,1792,30,1,1,5
39,1,1,6,4,4200,19,0,0,6
39,2,2,6,4,3916,19,0,0,7
39,3,8,4,4,1697,19,0,0,3
39,4,10,5,4,2215,19,0,0,5
39,5,7,4,4,2360,19,0,0,2
39,6,9,5,4,1744,19,0,0,6
39,7,3,7,4,2359,19,0,0,6
39,8,5,8,4,4284,19,0,0,5
39,9,4,2,4,4902,19,0,0,6
39,10,6,8,4,1985,19,0,0,5
39,11,1,1,4,3021,19,0,0,5
39,12,2,1,4,1793,19,0,0,7
39,13,8,9,4,2588,19,0,0,6
39,14,10,10,4,2546,19,0,0,5
39,15,7,9,4,3770,19,0,0,7
39,16,9,10,4,3543,19,0,0,6
39,17,3,2,4,2359,19,0,0,6
39,18,5,3,4,2031,19,0,0,3
39,19,4,7,4,1748,19,0,0,5
39,20,6,3,4,2121,19,0,0,2
40,1,8,4,4,6067,30,1,1,3
40,2,5,3,4,6034,30,1,1,3
40,3,3,7,4,2639,30,1,1,9
40,4,9,5,4,3205,30,1,1,3
40,5,6,8,4,5655,30,1,1,7
40,6,1,6,4,2218,30,1,1,8
40,7,10,5,4,4567,30,1,1,0
40,8,4,7,4,6874,30,1,1,7
40,9,2,6,4,5462,30,1,1,4
40,10,7,4,4,3300,30,1,1,6
40,11,8,9,4,2642,30,1,1,5
40,12,5,8,4,2076,30,1,1,6
40,13,3,2,4,2825,30,1,1,5
40,14,9,10,4,2547,30,1,1,7
40,15,6,3,4,8193,30,1,1,3
40,16,1,1,4,3392,30,1,1,8
40,17,10,10,4,2875,30,1,1,2
40,18,4,2,4,2830,30,1,1,3
40,19,2,1,4,3723,30,1,1,5
40,20,7,9,4,3723,30,1,1,9
41,1,4,7,4,2371,23,0,1,7
41,2,10,10,4,1824,23,0,1,9
41,3,7,4,4,2161,23,0,1,7
41,4,1,6,4,1681,23,0,1,6
41,5,2,1,4,2688,23,0,1,4
41,6,8,4,4,5332,23,0,1,6
41,7,3,7,4,2065,23,0,1,7
41,8,5,3,4,2163,23,0,1,7
41,9,6,3,4,1977,23,0,1,7
41,10,9,10,4,3151,23,0,1,6
41,11,4,2,4,1367,23,0,1,3
41,12,10,5,4,2542,23,0,1,5
41,13,7,9,4,1936,23,0,1,3
41,14,1,1,4,2071,23,0,1,3
41,15,2,6,4,2319,23,0,1,7
41,16,8,9,4,3197,23,0,1,7
41,17,3,2,4,2685,23,0,1,3
41,18,5,8,4,3275,23,0,1,4
41,19,6,8,4,2169,23,0,1,3
41,20,9,5,4,1714,23,0,1,5
42,1,6,3,4,5169,28,1,1,5
42,2,10,5,4,2031,28,1,1,7
42,3,4,7,4,3411,28,1,1,8
42,4,5,8,4,2126,28,1,1,3
42,5,3,7,4,2675,28,1,1,8
42,6,7,9,4,1895,28,1,1,2
42,7,1,1,4,1895,28,1,1,8
42,8,9,5,4,1705,28,1,1,8
42,9,2,1,4,1753,28,1,1,9
42,10,8,9,4,3039,28,1,1,3
42,11,6,8,4,2215,28,1,1,2
42,12,10,10,4,5025,28,1,1,8
42,13,4,2,4,1661,28,1,1,8
42,14,5,3,4,3071,28,1,1,6
42,15,3,2,4,2440,28,1,1,8
42,16,7,4,4,3023,28,1,1,2
42,17,1,6,4,2750,28,1,1,7
42,18,9,10,4,1940,28,1,1,8
42,19,2,6,4,1800,28,1,1,6
42,20,8,4,4,2719,28,1,1,0